datetime,open,high,low,close,tick_volume,spread_points,real_volume
2023.01.03 00:00:00,130.711,131.403,129.508,130.982,187098,0,33542432000
2023.01.04 00:00:00,130.984,132.718,129.926,132.593,190895,0,33022204000
2023.01.05 00:00:00,132.593,134.055,131.681,133.329,188153,0,38298646000
2023.01.06 00:00:00,133.349,134.774,131.995,132.095,179966,0,45655884000
2023.01.09 00:00:00,131.917,132.657,131.304,131.849,159350,0,40500400000
2023.01.10 00:00:00,131.752,132.477,131.385,132.215,176359,0,45248312000
2023.01.11 00:00:00,132.216,132.873,132.065,132.427,135005,0,23930644000
2023.01.12 00:00:00,132.426,132.481,128.862,129.241,191450,0,28416842000
2023.01.13 00:00:00,129.203,129.424,127.459,127.847,167153,0,23371649000
2023.01.16 00:00:00,127.791,128.865,127.222,128.539,117126,0,14995729000
2023.01.17 00:00:00,128.538,129.157,127.992,128.093,142505,0,20682645000
2023.01.18 00:00:00,128.125,131.577,127.566,128.851,203233,0,26537340000
2023.01.19 00:00:00,128.853,128.888,127.761,128.387,130506,0,16474216000
2023.01.20 00:00:00,128.368,130.613,128.350,129.556,122055,0,17127236000
2023.01.23 00:00:00,129.504,130.890,129.044,130.655,110240,0,16648944000
2023.01.24 00:00:00,130.620,131.118,129.727,130.130,100656,0,14431888000
2023.01.25 00:00:00,130.113,130.584,129.267,129.555,111427,0,16746356000
2023.01.26 00:00:00,129.517,130.619,129.023,130.177,111881,0,15498336000
2023.01.27 00:00:00,130.148,130.269,129.498,129.821,108442,0,16980081000
2023.01.30 00:00:00,129.634,130.570,129.207,130.398,110857,0,15161440000
2023.01.31 00:00:00,130.398,130.531,129.745,130.065,109910,0,15933394000
2023.02.01 00:00:00,130.025,130.411,128.542,128.878,131748,0,20415608000
2023.02.02 00:00:00,128.897,129.131,128.080,128.618,146537,0,23173956000
2023.02.03 00:00:00,128.589,131.203,128.329,131.180,132664,0,22665304000
2023.02.06 00:00:00,132.374,132.904,131.509,132.567,139772,0,22885012000
2023.02.07 00:00:00,132.606,132.709,130.474,130.981,160078,0,26162054000
2023.02.08 00:00:00,131.023,131.539,130.596,131.342,130185,0,20662062000
2023.02.09 00:00:00,131.325,131.827,130.340,131.538,132663,0,21033511000
2023.02.10 00:00:00,131.541,131.889,129.807,131.423,158404,0,24431183000
2023.02.13 00:00:00,131.226,132.911,131.226,132.374,119317,0,21869526000
2023.02.14 00:00:00,132.343,133.317,131.505,133.040,168743,0,30043626000
2023.02.15 00:00:00,133.021,134.359,132.547,134.120,129663,0,20909258000
2023.02.16 00:00:00,134.066,134.463,133.604,133.869,128162,0,18130478000
2023.02.17 00:00:00,133.867,135.110,133.866,134.145,109949,0,15431392000
2023.02.20 00:00:00,134.206,134.537,133.923,134.186,78472,0,10177538000
2023.02.21 00:00:00,134.185,135.227,134.152,134.958,110581,0,14987058000
2023.02.22 00:00:00,134.956,135.060,134.366,134.879,120307,0,17169074000
2023.02.23 00:00:00,134.879,135.369,134.487,134.636,98416,0,14088792000
2023.02.24 00:00:00,134.630,136.520,134.060,136.487,132634,0,17963010000
2023.02.27 00:00:00,136.380,136.557,135.915,136.189,98231,0,13388416000
2023.02.28 00:00:00,136.187,136.919,135.738,136.142,92828,0,11766373000
2023.03.01 00:00:00,136.091,136.472,135.258,136.085,100470,0,12149541000
2023.03.02 00:00:00,136.147,137.099,136.019,136.691,106405,0,13481760000
2023.03.03 00:00:00,136.690,136.770,135.747,135.815,95363,0,12175012000
2023.03.06 00:00:00,135.958,136.192,135.367,135.885,96057,0,11857346000
2023.03.07 00:00:00,135.888,137.196,135.542,137.120,99775,0,12604918000
2023.03.08 00:00:00,137.120,137.912,136.480,137.322,98138,0,13582808000
2023.03.09 00:00:00,137.315,137.342,135.943,136.113,86753,0,11471638000
2023.03.10 00:00:00,136.069,136.995,134.114,135.034,154202,0,19439783000
2023.03.13 00:00:00,134.305,135.048,132.286,133.122,211796,0,25533754000
2023.03.14 00:00:00,133.109,134.901,133.024,134.159,156129,0,19292257000
2023.03.15 00:00:00,134.146,135.114,132.217,133.340,199051,0,24503164000
2023.03.16 00:00:00,133.339,133.826,131.718,133.696,184590,0,22046628000
2023.03.17 00:00:00,133.719,133.722,131.555,131.803,133536,0,15767905000
2023.03.20 00:00:00,131.724,132.651,130.540,131.292,162619,0,20023864000
2023.03.21 00:00:00,131.278,132.628,131.033,132.427,94362,0,11240160000
2023.03.22 00:00:00,132.376,133.002,130.999,131.331,114654,0,15977564000
2023.03.23 00:00:00,131.407,131.663,130.324,130.820,129531,0,16887665000
2023.03.24 00:00:00,130.751,130.943,129.641,130.713,123468,0,15070148000
2023.03.27 00:00:00,130.586,131.761,130.492,131.475,85142,0,10480592000
2023.03.28 00:00:00,131.468,131.553,130.407,130.782,85959,0,10842832000
2023.03.29 00:00:00,130.829,132.886,130.752,132.815,84930,0,10894586000
2023.03.30 00:00:00,132.756,132.968,132.202,132.580,81321,0,10399240000
2023.03.31 00:00:00,132.660,133.594,132.581,132.788,91905,0,12160844000
2023.04.03 00:00:00,133.314,133.757,132.203,132.353,88999,0,12067824000
2023.04.04 00:00:00,132.398,133.169,131.522,131.680,80471,0,10591256000
2023.04.05 00:00:00,131.620,131.845,130.628,131.240,85839,0,11284657000
2023.04.06 00:00:00,131.239,131.905,130.779,131.699,66615,0,8890716000
2023.04.07 00:00:00,131.742,132.378,131.510,132.126,56870,0,6393026000
2023.04.10 00:00:00,132.092,133.871,131.823,133.574,65017,0,7897138000
2023.04.11 00:00:00,133.569,133.806,132.974,133.679,65679,0,8687434000
2023.04.12 00:00:00,133.629,134.047,132.736,133.132,84531,0,11203910000
2023.04.13 00:00:00,133.080,133.392,132.021,132.541,74681,0,9998008000
2023.04.14 00:00:00,132.540,133.838,132.170,133.744,79949,0,10775598000
2023.04.17 00:00:00,133.731,134.573,133.712,134.454,62604,0,7984644000
2023.04.18 00:00:00,134.409,134.708,133.863,134.028,70199,0,10095424000
2023.04.19 00:00:00,134.025,135.134,133.954,134.663,68799,0,9264924000
2023.04.20 00:00:00,134.626,134.974,134.013,134.178,71208,0,9912716000
2023.04.21 00:00:00,134.178,134.493,133.551,134.110,71247,0,10213609000
2023.04.24 00:00:00,134.007,134.733,133.894,134.205,53979,0,7016167000
2023.04.25 00:00:00,134.203,134.475,133.368,133.660,72719,0,9919465000
2023.04.26 00:00:00,133.697,133.938,133.017,133.626,83191,0,10946918000
2023.04.27 00:00:00,133.631,134.196,133.198,133.953,72486,0,9647078000
2023.04.28 00:00:00,133.914,136.561,133.330,136.304,122348,0,16238036000
2023.05.01 00:00:00,136.191,137.540,136.108,137.443,67417,0,9063416000
2023.05.02 00:00:00,137.440,137.774,136.316,136.459,92414,0,12652734000
2023.05.03 00:00:00,136.451,136.595,134.668,134.722,97034,0,12875513000
2023.05.04 00:00:00,134.669,134.878,133.497,134.248,124505,0,17301541000
2023.05.05 00:00:00,134.248,135.125,133.884,134.822,74066,0,9428646000
2023.05.08 00:00:00,134.824,135.298,134.642,135.059,64743,0,9022546000
2023.05.09 00:00:00,135.009,135.358,134.724,135.201,74487,0,10647414000
2023.05.10 00:00:00,135.173,135.470,134.114,134.310,87714,0,12698226000
2023.05.11 00:00:00,134.259,134.845,133.745,134.525,92276,0,12275874000
2023.05.12 00:00:00,134.474,135.754,134.403,135.746,71059,0,10068084000
2023.05.15 00:00:00,135.603,136.327,135.603,136.088,66914,0,9145576000
2023.05.16 00:00:00,136.084,136.685,135.667,136.334,75355,0,11434984000
2023.05.17 00:00:00,136.329,137.709,136.305,137.654,70962,0,10158694000
2023.05.18 00:00:00,137.654,138.748,137.288,138.690,78090,0,11170016000
2023.05.19 00:00:00,138.690,138.704,137.425,137.932,84703,0,12156580000
2023.05.22 00:00:00,137.963,138.686,137.493,138.584,72832,0,10732530000
2023.05.23 00:00:00,138.564,138.911,138.242,138.564,88890,0,13670925000
2023.05.24 00:00:00,138.549,139.473,138.230,139.452,87011,0,14112268000
2023.05.25 00:00:00,139.319,140.229,138.813,140.044,94693,0,14514307000
2023.05.26 00:00:00,140.023,140.726,139.495,140.586,76836,0,11154835000
2023.05.29 00:00:00,140.555,140.921,140.115,140.435,58676,0,0
2023.05.30 00:00:00,140.342,140.932,139.573,139.790,107693,0,0
2023.05.31 00:00:00,139.753,140.378,139.234,139.336,98101,0,0
2023.06.01 00:00:00,139.321,139.950,138.434,138.793,80768,0,0
2023.06.02 00:00:00,138.755,140.069,138.607,139.928,73863,0,0
2023.06.05 00:00:00,139.954,140.453,139.250,139.577,72630,0,0
2023.06.06 00:00:00,139.534,139.994,139.095,139.630,71097,0,0
2023.06.07 00:00:00,139.631,140.249,139.028,140.155,73655,0,0
2023.06.08 00:00:00,140.080,140.226,138.810,138.925,77162,0,0
2023.06.09 00:00:00,138.878,139.725,138.761,139.353,74665,0,0
2023.06.12 00:00:00,139.350,139.770,139.064,139.599,67302,0,0
2023.06.13 00:00:00,139.583,140.307,139.012,140.212,80153,0,0
2023.06.14 00:00:00,140.173,140.275,139.284,140.093,80728,0,0
2023.06.15 00:00:00,140.037,141.502,139.942,140.258,95186,0,0
2023.06.16 00:00:00,140.290,141.913,139.853,141.807,91078,0,0
2023.06.19 00:00:00,141.690,142.002,141.441,141.970,53928,0,0
2023.06.20 00:00:00,141.939,142.255,141.214,141.433,80652,0,0
2023.06.21 00:00:00,141.416,142.368,141.282,141.869,83559,0,0
2023.06.22 00:00:00,141.775,143.230,141.610,143.112,78119,0,0
2023.06.23 00:00:00,143.020,143.874,142.650,143.718,128618,0,0
2023.06.26 00:00:00,143.488,143.719,142.935,143.490,116707,0,0
2023.06.27 00:00:00,143.461,144.174,143.285,144.060,110499,0,0
2023.06.28 00:00:00,144.056,144.617,143.731,144.484,119590,0,0
2023.06.29 00:00:00,144.438,144.900,144.135,144.774,123984,0,0
2023.06.30 00:00:00,144.718,145.074,144.206,144.274,121756,0,0
2023.07.03 00:00:00,144.355,144.913,143.985,144.657,97852,0,0
2023.07.04 00:00:00,144.668,144.701,144.207,144.446,58162,0,0
2023.07.05 00:00:00,144.394,144.735,144.080,144.643,92081,0,0
2023.07.06 00:00:00,144.580,144.654,143.555,144.050,127642,0,0
2023.07.07 00:00:00,144.016,144.201,142.072,142.092,122063,0,0
2023.07.10 00:00:00,142.144,143.006,141.277,141.295,108471,0,0
2023.07.11 00:00:00,141.339,141.462,140.159,140.357,90999,0,0
2023.07.12 00:00:00,140.357,140.367,138.157,138.497,109705,0,0
2023.07.13 00:00:00,138.414,138.955,137.922,138.038,108327,0,0
2023.07.14 00:00:00,138.038,139.156,137.240,138.744,108465,0,0
2023.07.17 00:00:00,138.698,139.410,137.999,138.711,83683,0,0
2023.07.18 00:00:00,138.708,139.138,137.676,138.828,111029,0,0
2023.07.19 00:00:00,138.786,139.993,138.763,139.659,102790,0,0
2023.07.20 00:00:00,139.558,140.498,139.111,140.072,99517,0,0
2023.07.21 00:00:00,140.074,141.954,139.748,141.817,101566,0,0
2023.07.24 00:00:00,141.556,141.814,140.742,141.480,95007,0,0
2023.07.25 00:00:00,141.426,141.736,140.853,140.893,79941,0,0
2023.07.26 00:00:00,140.870,141.186,139.927,140.233,102647,0,0
2023.07.27 00:00:00,140.150,141.322,138.769,139.458,140057,0,0
2023.07.28 00:00:00,139.413,141.178,138.062,141.159,174458,0,0
2023.07.31 00:00:00,140.901,142.691,140.692,142.265,122042,0,0
2023.08.01 00:00:00,142.242,143.546,142.207,143.333,102109,0,0
2023.08.02 00:00:00,143.320,143.477,142.234,143.323,120947,0,0
2023.08.03 00:00:00,143.321,143.889,142.065,142.523,132836,0,0
2023.08.04 00:00:00,142.515,142.883,141.552,141.733,108429,0,0
2023.08.07 00:00:00,141.650,142.582,141.511,142.475,77604,0,0
2023.08.08 00:00:00,142.468,143.493,142.400,143.375,100245,0,0
2023.08.09 00:00:00,143.365,143.748,143.000,143.716,80900,0,0
2023.08.10 00:00:00,143.671,144.817,143.272,144.742,86381,0,0
2023.08.11 00:00:00,144.688,145.004,144.379,144.952,68480,0,0
2023.08.14 00:00:00,144.938,145.578,144.653,145.556,73149,0,0
2023.08.15 00:00:00,145.541,145.866,145.107,145.566,84455,0,0
2023.08.16 00:00:00,145.536,146.406,145.306,146.346,81354,0,0
2023.08.17 00:00:00,146.272,146.559,145.618,145.818,70802,0,0
2023.08.18 00:00:00,145.826,145.868,144.928,145.385,77705,0,0
2023.08.21 00:00:00,145.292,146.403,145.146,146.217,72116,0,0
2023.08.22 00:00:00,146.172,146.399,145.496,145.881,70713,0,0
2023.08.23 00:00:00,145.819,145.878,144.541,144.845,84036,0,0
2023.08.24 00:00:00,144.792,145.959,144.601,145.823,81048,0,0
2023.08.25 00:00:00,145.830,146.633,145.726,146.402,84062,0,0
2023.08.28 00:00:00,146.401,146.747,146.274,146.534,60198,0,0
2023.08.29 00:00:00,146.509,147.377,145.669,145.855,78626,0,0
2023.08.30 00:00:00,145.880,146.537,145.557,146.238,84126,0,0
2023.08.31 00:00:00,146.162,146.227,145.348,145.535,78236,0,0
2023.09.01 00:00:00,145.475,146.295,144.443,146.188,80590,0,0
2023.09.04 00:00:00,146.118,146.497,146.024,146.458,41707,0,0
2023.09.05 00:00:00,146.358,147.803,146.358,147.719,71912,0,0
2023.09.06 00:00:00,147.639,147.820,147.018,147.609,75189,0,0
2023.09.07 00:00:00,147.609,147.873,147.043,147.291,67110,0,0
2023.09.08 00:00:00,147.231,147.872,146.588,147.797,76066,0,0
2023.09.11 00:00:00,146.971,147.272,145.901,146.583,105443,0,0
2023.09.12 00:00:00,146.531,147.234,146.435,147.069,81398,0,0
2023.09.13 00:00:00,147.052,147.758,147.015,147.450,91442,0,0
2023.09.14 00:00:00,147.352,147.564,147.018,147.466,81432,0,0
2023.09.15 00:00:00,147.466,147.952,147.338,147.837,78191,0,0
2023.09.18 00:00:00,147.704,147.879,147.559,147.604,48082,0,0
2023.09.19 00:00:00,147.619,147.924,147.508,147.843,62489,0,0
2023.09.20 00:00:00,147.808,148.362,147.476,148.338,80048,0,0
2023.09.21 00:00:00,148.193,148.464,147.323,147.571,81626,0,0
2023.09.22 00:00:00,147.519,148.416,147.509,148.374,82735,0,0
2023.09.25 00:00:00,148.255,148.963,148.217,148.871,65726,0,0
2023.09.26 00:00:00,148.850,149.187,148.704,149.059,77345,0,0
2023.09.27 00:00:00,149.055,149.709,148.864,149.635,81806,0,0
2023.09.28 00:00:00,149.484,149.571,149.147,149.300,89005,0,0
2023.09.29 00:00:00,149.225,149.509,148.530,149.324,91578,0,0
2023.10.02 00:00:00,149.596,149.879,149.391,149.852,79485,0,0
2023.10.03 00:00:00,149.839,150.159,147.240,149.018,91106,0,0
2023.10.04 00:00:00,148.957,149.318,148.735,149.121,104859,0,0
2023.10.05 00:00:00,149.121,149.121,148.261,148.504,107507,0,0
2023.10.06 00:00:00,148.378,149.537,148.360,149.246,100655,0,0
2023.10.09 00:00:00,149.053,149.243,148.434,148.504,77969,0,0
2023.10.10 00:00:00,148.466,149.098,148.163,148.710,103273,0,0
2023.10.11 00:00:00,148.664,149.326,148.424,149.162,99202,0,0
2023.10.12 00:00:00,149.110,149.829,148.956,149.803,94223,0,0
2023.10.13 00:00:00,149.770,149.828,149.455,149.540,88994,0,0
2023.10.16 00:00:00,149.343,149.763,149.313,149.508,71596,0,0
2023.10.17 00:00:00,149.518,149.851,148.742,149.793,79955,0,0
2023.10.18 00:00:00,149.779,149.938,149.484,149.918,75951,0,0
2023.10.19 00:00:00,149.868,149.965,149.666,149.786,90376,0,0
2023.10.20 00:00:00,149.764,149.994,149.629,149.833,73116,0,0
2023.10.23 00:00:00,149.852,149.992,149.556,149.698,63014,0,0
2023.10.24 00:00:00,149.645,149.929,149.322,149.898,75979,0,0
2023.10.25 00:00:00,149.855,150.318,149.795,150.210,61715,0,0
2023.10.26 00:00:00,150.168,150.777,149.821,150.350,90433,0,0
2023.10.27 00:00:00,150.372,150.414,149.461,149.668,77959,0,0
2023.10.30 00:00:00,149.528,149.856,148.805,149.058,70313,0,0
2023.10.31 00:00:00,149.043,151.716,149.017,151.669,103312,0,0
2023.11.01 00:00:00,151.586,151.673,150.662,150.948,95803,0,0
2023.11.02 00:00:00,150.948,150.948,149.847,150.456,92708,0,0
2023.11.03 00:00:00,150.422,150.521,149.194,149.340,84749,0,0
2023.11.06 00:00:00,149.320,150.081,149.286,150.069,76620,0,0
2023.11.07 00:00:00,150.026,150.694,149.925,150.329,77181,0,0
2023.11.08 00:00:00,150.306,151.059,150.297,150.969,78533,0,0
2023.11.09 00:00:00,150.859,151.387,150.770,151.342,88876,0,0
2023.11.10 00:00:00,151.277,151.605,151.222,151.489,71910,0,0
2023.11.13 00:00:00,151.428,151.908,151.203,151.718,66033,0,0
2023.11.14 00:00:00,151.703,151.791,150.155,150.367,82851,0,0
2023.11.15 00:00:00,150.276,151.421,150.042,151.379,92792,0,0
2023.11.16 00:00:00,151.305,151.431,150.286,150.722,83883,0,0
2023.11.17 00:00:00,150.591,150.777,149.198,149.589,98077,0,0
2023.11.20 00:00:00,149.638,149.988,148.101,148.380,113258,0,0
2023.11.21 00:00:00,148.330,148.598,147.150,148.388,116480,0,0
2023.11.22 00:00:00,148.320,149.750,148.019,149.535,109897,0,0
2023.11.23 00:00:00,149.535,149.689,148.889,149.540,65876,0,0
2023.11.24 00:00:00,149.491,149.711,149.198,149.410,72507,0,0
2023.11.27 00:00:00,149.394,149.675,148.543,148.685,106500,0,0
2023.11.28 00:00:00,148.623,148.830,147.322,147.459,123403,0,0
2023.11.29 00:00:00,147.459,147.907,146.670,147.232,140836,0,0
2023.11.30 00:00:00,147.150,148.515,146.842,148.176,133573,0,0
2023.12.01 00:00:00,148.146,148.347,146.661,146.784,132400,0,0
2023.12.04 00:00:00,146.661,147.452,146.225,147.206,138533,0,0
2023.12.05 00:00:00,147.128,147.392,146.558,147.144,129032,0,0
2023.12.06 00:00:00,147.144,147.501,146.896,147.303,110297,0,0
2023.12.07 00:00:00,147.178,147.298,141.607,144.133,175064,0,0
2023.12.08 00:00:00,144.070,145.222,142.498,144.919,181020,0,0
2023.12.11 00:00:00,144.882,146.589,144.810,146.145,137941,0,0
2023.12.12 00:00:00,146.078,146.179,144.731,145.441,127144,0,0
2023.12.13 00:00:00,145.451,145.996,142.638,142.872,150070,0,0
2023.12.14 00:00:00,142.781,142.907,140.949,141.890,207727,0,0
2023.12.15 00:00:00,141.841,142.467,141.428,142.125,161879,0,0
2023.12.18 00:00:00,142.041,143.159,142.010,142.794,115766,0,0
2023.12.19 00:00:00,142.708,144.956,142.246,143.830,140371,0,0
2023.12.20 00:00:00,143.770,144.099,143.261,143.543,126503,0,0
2023.12.21 00:00:00,143.458,143.570,142.044,142.116,134168,0,0
2023.12.22 00:00:00,142.064,142.663,141.863,142.413,116630,0,0
2023.12.26 00:00:00,142.275,142.636,142.089,142.388,55917,0,0
2023.12.27 00:00:00,142.324,142.848,141.550,141.831,92553,0,0
2023.12.28 00:00:00,141.721,141.730,140.251,141.408,108929,0,0
2023.12.29 00:00:00,141.388,141.917,140.795,140.981,105278,0,0
2024.01.02 00:00:00,140.841,142.215,140.841,141.985,116119,0,0
2024.01.03 00:00:00,141.848,143.733,141.771,143.285,134923,0,0
2024.01.04 00:00:00,143.158,144.851,142.853,144.631,131600,0,0
2024.01.05 00:00:00,144.531,145.981,143.873,144.584,136096,0,0
2024.01.08 00:00:00,144.541,144.922,143.661,144.224,120585,0,0
2024.01.09 00:00:00,144.156,144.626,143.423,144.467,128168,0,0
2024.01.10 00:00:00,144.408,145.834,144.316,145.755,111890,0,0
2024.01.11 00:00:00,145.641,146.416,144.996,145.274,142979,0,0
2024.01.12 00:00:00,145.209,145.567,144.377,144.909,125086,0,0
2024.01.15 00:00:00,144.908,145.941,144.837,145.700,83946,0,0
2024.01.16 00:00:00,145.668,147.314,145.586,147.183,143132,0,0
2024.01.17 00:00:00,147.170,148.524,147.046,148.143,140128,0,0
2024.01.18 00:00:00,148.083,148.302,147.656,148.156,130063,0,0
2024.01.19 00:00:00,148.055,148.805,147.840,148.139,121078,0,0
2024.01.22 00:00:00,148.228,148.305,147.618,148.084,156338,0,0
2024.01.23 00:00:00,147.919,148.697,146.978,148.359,183078,0,0
2024.01.24 00:00:00,148.306,148.387,146.652,147.505,182378,0,0
2024.01.25 00:00:00,147.372,147.951,147.083,147.641,187966,0,0
2024.01.26 00:00:00,147.577,148.209,147.385,148.141,162613,0,0
2024.01.29 00:00:00,148.083,148.336,147.254,147.481,142520,0,0
2024.01.30 00:00:00,147.377,147.930,147.096,147.597,156656,0,0
2024.01.31 00:00:00,147.540,147.899,146.010,146.949,257193,0,0
2024.02.01 00:00:00,146.845,147.117,145.897,146.391,242415,0,0
2024.02.02 00:00:00,146.318,148.586,146.241,148.339,184887,0,0
2024.02.05 00:00:00,148.360,148.894,148.266,148.668,168047,0,0
2024.02.06 00:00:00,148.620,148.788,147.820,147.927,166736,0,0
2024.02.07 00:00:00,147.907,148.259,147.622,148.166,167943,0,0
2024.02.08 00:00:00,148.088,149.479,147.930,149.304,169048,0,0
2024.02.09 00:00:00,149.288,149.576,149.005,149.251,158986,0,0
2024.02.12 00:00:00,149.283,149.479,148.928,149.338,123094,0,0
2024.02.13 00:00:00,149.308,150.885,149.176,150.758,158932,0,0
2024.02.14 00:00:00,150.768,150.780,150.344,150.590,153588,0,0
2024.02.15 00:00:00,150.515,150.567,149.519,149.920,161371,0,0
2024.02.16 00:00:00,149.880,150.646,149.826,150.193,149325,0,0
2024.02.19 00:00:00,150.080,150.216,149.874,150.097,93396,0,0
2024.02.20 00:00:00,150.077,150.442,149.685,149.997,151470,0,0
2024.02.21 00:00:00,149.893,150.392,149.852,150.287,145518,0,0
2024.02.22 00:00:00,150.280,150.689,150.017,150.523,178034,0,0
2024.02.23 00:00:00,150.513,150.770,150.291,150.487,135009,0,0
2024.02.26 00:00:00,150.455,150.840,150.293,150.698,141512,0,0
2024.02.27 00:00:00,150.640,150.705,150.072,150.496,135813,0,0
2024.02.28 00:00:00,150.450,150.846,150.373,150.674,146148,0,0
2024.02.29 00:00:00,150.656,150.662,149.208,149.967,195593,0,0
2024.03.01 00:00:00,149.925,150.722,149.915,150.101,182854,0,0
2024.03.04 00:00:00,149.962,150.569,149.839,150.520,112052,0,0
2024.03.05 00:00:00,150.485,150.546,149.705,150.039,145400,0,0
2024.03.06 00:00:00,150.008,150.087,149.092,149.392,153830,0,0
2024.03.07 00:00:00,149.310,149.365,147.581,148.045,201869,0,0
2024.03.08 00:00:00,147.998,148.119,146.479,147.054,194171,0,0
2024.03.11 00:00:00,147.026,147.148,146.484,146.943,131240,0,0
2024.03.12 00:00:00,146.843,148.164,146.621,147.652,156328,0,0
2024.03.13 00:00:00,147.640,148.048,147.233,147.742,137038,0,0
2024.03.14 00:00:00,147.726,148.358,147.431,148.290,154351,0,0
2024.03.15 00:00:00,148.301,149.166,148.033,149.024,127914,0,0
2024.03.18 00:00:00,148.954,149.334,148.910,149.148,116181,0,0
2024.03.19 00:00:00,149.090,150.964,148.990,150.856,142130,0,0
2024.03.20 00:00:00,150.809,151.819,150.718,151.252,151231,0,0
2024.03.21 00:00:00,151.260,151.756,150.264,151.617,171686,0,0
2024.03.22 00:00:00,151.609,151.863,151.003,151.424,146536,0,0
2024.03.25 00:00:00,151.310,151.545,151.053,151.410,102904,0,0
2024.03.26 00:00:00,151.403,151.602,151.205,151.550,102246,0,0
2024.03.27 00:00:00,151.511,151.971,151.026,151.320,120584,0,0
2024.03.28 00:00:00,151.282,151.545,151.149,151.367,109220,0,0
2024.03.29 00:00:00,151.356,151.502,151.172,151.305,73079,0,0
2024.04.01 00:00:00,151.261,151.774,151.224,151.640,88026,0,0
2024.04.02 00:00:00,151.628,151.802,151.461,151.551,110614,0,0
2024.04.03 00:00:00,151.529,151.954,151.442,151.683,91249,0,0
2024.04.04 00:00:00,151.629,151.768,151.120,151.333,98373,0,0
2024.04.05 00:00:00,151.296,151.751,150.809,151.615,117273,0,0
2024.04.08 00:00:00,151.575,151.942,151.543,151.832,89729,0,0
2024.04.09 00:00:00,151.768,151.937,151.568,151.779,90458,0,0
2024.04.10 00:00:00,151.697,153.243,151.681,153.139,110624,0,0
2024.04.11 00:00:00,153.086,153.318,152.758,153.262,134030,0,0
2024.04.12 00:00:00,153.216,153.384,152.591,153.241,127772,0,0
2024.04.15 00:00:00,153.012,154.447,152.938,154.267,146638,0,0
2024.04.16 00:00:00,154.267,154.788,153.892,154.694,142963,0,0
2024.04.17 00:00:00,154.694,154.733,154.158,154.378,119519,0,0
2024.04.18 00:00:00,154.378,154.410,153.949,154.282,31617,1,0
2024.04.22 00:00:00,154.554,154.852,154.422,154.841,94212,0,0
2024.04.23 00:00:00,154.841,154.874,154.552,154.826,105796,0,0
2024.04.24 00:00:00,154.827,155.375,154.730,155.341,94780,0,0
2024.04.25 00:00:00,155.318,155.748,155.196,155.647,122602,0,0
2024.04.26 00:00:00,155.647,158.441,154.963,158.342,142024,0,0
2024.04.29 00:00:00,157.825,160.197,154.510,156.333,232002,0,0
2024.04.30 00:00:00,156.333,157.845,156.056,157.796,114244,0,0
2024.05.01 00:00:00,157.798,157.989,153.010,154.597,124908,0,0
2024.05.02 00:00:00,154.580,156.285,153.056,153.629,182944,0,0
2024.05.03 00:00:00,153.667,153.771,151.857,152.969,148637,0,0
2024.05.06 00:00:00,152.883,154.006,152.766,153.877,90325,0,0
2024.05.07 00:00:00,153.877,154.748,153.854,154.687,92769,0,0
2024.05.08 00:00:00,154.687,155.681,154.539,155.492,84567,0,0
2024.05.09 00:00:00,155.488,155.953,155.153,155.450,84317,0,0
2024.05.10 00:00:00,155.480,155.902,155.265,155.761,76055,0,0
2024.05.13 00:00:00,155.665,156.251,155.503,156.194,76864,0,0
2024.05.14 00:00:00,156.182,156.778,156.129,156.412,76723,0,0
2024.05.15 00:00:00,156.412,156.560,154.692,154.868,123329,0,0
2024.05.16 00:00:00,154.858,155.537,153.595,155.383,138219,0,0
2024.05.17 00:00:00,155.378,155.978,155.248,155.607,86893,0,0
2024.05.20 00:00:00,155.601,156.304,155.495,156.233,77444,0,0
2024.05.21 00:00:00,156.231,156.547,155.843,156.144,92047,0,0
2024.05.22 00:00:00,156.144,156.845,156.103,156.776,84905,0,0
2024.05.23 00:00:00,156.735,157.195,156.517,156.898,103569,0,0
2024.05.24 00:00:00,156.893,157.145,156.822,156.997,73620,0,0
2024.05.27 00:00:00,156.915,156.998,156.662,156.879,47989,0,0
2024.05.28 00:00:00,156.879,157.200,156.580,157.165,77452,0,0
2024.05.29 00:00:00,157.124,157.709,156.896,157.621,83306,0,0
2024.05.30 00:00:00,157.621,157.672,156.370,156.777,112526,0,0
2024.05.31 00:00:00,156.755,157.364,156.559,157.229,123121,0,0
2024.06.03 00:00:00,157.153,157.473,155.949,156.028,112709,0,0
2024.06.04 00:00:00,156.027,156.486,154.533,154.848,157099,0,0
2024.06.05 00:00:00,154.833,156.482,154.773,156.079,125690,0,0
2024.06.06 00:00:00,156.068,156.447,155.349,155.594,121804,0,0
2024.06.07 00:00:00,155.539,157.074,155.118,156.763,131623,0,0
2024.06.10 00:00:00,156.696,157.193,156.591,157.003,91638,0,0
2024.06.11 00:00:00,156.988,157.402,156.805,157.106,84041,0,0
2024.06.12 00:00:00,157.106,157.371,155.719,156.708,129139,0,0
2024.06.13 00:00:00,156.672,157.311,156.546,156.978,111124,0,0
2024.06.14 00:00:00,156.982,158.258,156.789,157.367,156550,0,0
2024.06.17 00:00:00,157.340,157.960,157.156,157.720,88042,0,0
2024.06.18 00:00:00,157.709,158.230,157.516,157.851,91688,0,0
2024.06.19 00:00:00,157.835,158.135,157.604,158.078,45594,0,0
2024.06.20 00:00:00,158.070,158.946,157.805,158.916,72839,0,0
2024.06.21 00:00:00,158.891,159.833,158.667,159.792,82974,0,0
2024.06.24 00:00:00,159.740,159.926,158.733,159.579,93036,0,0
2024.06.25 00:00:00,159.563,159.757,159.184,159.644,84740,0,0
2024.06.26 00:00:00,159.644,160.871,159.609,160.792,94907,0,0
2024.06.27 00:00:00,160.792,160.824,160.279,160.742,86180,0,0
2024.06.28 00:00:00,160.742,161.281,160.263,160.835,122637,0,0
2024.07.01 00:00:00,160.733,161.729,160.719,161.439,96871,0,0
2024.07.02 00:00:00,161.439,161.746,161.267,161.410,73446,0,0
2024.07.03 00:00:00,161.410,161.951,160.768,161.649,94762,0,0
2024.07.04 00:00:00,161.649,161.673,160.946,161.233,63656,0,0
2024.07.05 00:00:00,161.233,161.396,160.330,160.748,123461,0,0
2024.07.08 00:00:00,160.732,161.117,160.259,160.807,97624,0,0
2024.07.09 00:00:00,160.807,161.520,160.731,161.284,85853,0,0
2024.07.10 00:00:00,161.284,161.808,161.257,161.674,66647,0,0
2024.07.11 00:00:00,161.674,161.759,157.426,158.809,138535,0,0
2024.07.12 00:00:00,158.809,159.449,157.359,157.878,190320,0,0
2024.07.15 00:00:00,158.081,158.423,157.158,158.056,112857,0,0
2024.07.16 00:00:00,158.056,158.855,157.970,158.329,99412,0,0
2024.07.17 00:00:00,158.327,158.625,156.057,156.171,184604,0,0
2024.07.18 00:00:00,156.171,157.402,155.365,157.367,198667,0,0
2024.07.19 00:00:00,157.352,157.863,156.955,157.457,151085,0,0
2024.07.22 00:00:00,157.395,157.612,156.282,156.982,156251,0,0
2024.07.23 00:00:00,156.982,157.099,155.533,155.548,169290,0,0
2024.07.24 00:00:00,155.548,155.992,153.108,153.854,227746,0,0
2024.07.25 00:00:00,153.850,154.319,151.937,153.932,281602,0,0
2024.07.26 00:00:00,153.932,154.737,153.089,153.733,220678,0,0
2024.07.29 00:00:00,153.655,154.352,153.012,154.011,218987,0,0
2024.07.30 00:00:00,154.012,155.219,152.646,152.717,226794,0,0
2024.07.31 00:00:00,152.739,153.902,149.605,149.966,381141,0,0
2024.08.01 00:00:00,149.966,150.892,148.510,149.343,327760,0,0
2024.08.02 00:00:00,149.343,149.778,146.416,146.486,368998,0,0
2024.08.05 00:00:00,146.523,146.594,141.676,144.171,458282,0,0
2024.08.06 00:00:00,144.171,146.375,143.624,144.273,406638,0,0
2024.08.07 00:00:00,144.275,147.904,144.254,146.661,357542,0,0
2024.08.08 00:00:00,146.661,147.545,145.432,147.200,369110,0,0
2024.08.09 00:00:00,147.200,147.816,146.265,146.592,291195,0,0
2024.08.12 00:00:00,146.648,148.223,146.627,147.188,224185,0,0
2024.08.13 00:00:00,147.188,147.948,146.594,146.827,237256,0,0
2024.08.14 00:00:00,146.827,147.585,146.070,147.324,246622,0,0
2024.08.15 00:00:00,147.324,149.392,147.053,149.267,196015,0,0
2024.08.16 00:00:00,149.267,149.341,147.563,147.598,195254,0,0
2024.08.19 00:00:00,147.559,148.054,145.186,146.548,261346,0,0
2024.08.20 00:00:00,146.548,147.345,145.197,145.246,250493,0,0
2024.08.21 00:00:00,145.246,146.908,144.454,145.167,288710,0,0
2024.08.22 00:00:00,145.146,146.527,144.846,146.279,219993,0,0
2024.08.23 00:00:00,146.279,146.482,144.046,144.364,253219,0,0
2024.08.26 00:00:00,144.243,144.652,143.445,144.513,221892,0,0
2024.08.27 00:00:00,144.513,145.177,143.915,143.926,193455,0,0
2024.08.28 00:00:00,143.926,145.041,143.682,144.574,199091,0,0
2024.08.29 00:00:00,144.574,145.555,144.218,144.979,244554,0,0
2024.08.30 00:00:00,144.979,146.248,144.648,146.159,185666,0,0
2024.09.02 00:00:00,146.033,147.178,145.772,146.881,134252,0,0
2024.09.03 00:00:00,146.881,147.209,145.113,145.468,243793,0,0
2024.09.04 00:00:00,145.468,145.559,143.707,143.727,256117,0,0
2024.09.05 00:00:00,143.727,144.230,142.847,143.434,259295,0,0
2024.09.06 00:00:00,143.440,144.046,141.763,142.266,314221,0,0
2024.09.09 00:00:00,142.257,143.798,141.949,143.166,241654,0,0
2024.09.10 00:00:00,143.166,143.710,142.190,142.426,214034,0,0
2024.09.11 00:00:00,142.431,142.547,140.707,142.354,310106,0,0
2024.09.12 00:00:00,142.354,143.043,141.727,141.805,290405,0,0
2024.09.13 00:00:00,141.805,141.876,140.278,140.797,259739,0,0
2024.09.16 00:00:00,140.817,140.913,139.578,140.606,220496,0,0
2024.09.17 00:00:00,140.606,142.464,140.320,142.399,235813,0,0
2024.09.18 00:00:00,142.399,142.715,140.438,142.266,259733,0,0
2024.09.19 00:00:00,142.265,143.947,141.883,142.618,313760,0,0
2024.09.20 00:00:00,142.618,144.496,141.737,143.875,298810,0,0
2024.09.23 00:00:00,143.930,144.460,143.165,143.587,243270,0,0
2024.09.24 00:00:00,143.585,144.681,143.110,143.213,233217,0,0
2024.09.25 00:00:00,143.212,144.843,142.890,144.745,214997,0,0
2024.09.26 00:00:00,144.746,145.213,144.108,144.807,222764,0,0
2024.09.27 00:00:00,144.807,146.495,142.068,142.165,296861,0,0
2024.09.30 00:00:00,142.223,143.915,141.643,143.624,263194,0,0
2024.10.01 00:00:00,143.624,144.528,142.969,143.553,285803,0,0
2024.10.02 00:00:00,143.558,146.515,143.423,146.454,230040,0,0
2024.10.03 00:00:00,146.454,147.240,146.273,146.922,241748,0,0
2024.10.04 00:00:00,146.922,149.004,145.916,148.661,227111,0,0
2024.10.07 00:00:00,148.655,149.134,147.842,148.178,238782,0,0
2024.10.08 00:00:00,148.178,148.378,147.344,148.189,221209,0,0
2024.10.09 00:00:00,148.189,149.362,148.010,149.294,152609,0,0
2024.10.10 00:00:00,149.294,149.569,148.236,148.556,207307,0,0
2024.10.11 00:00:00,148.556,149.286,148.401,149.118,135031,0,0
2024.10.14 00:00:00,148.991,149.981,148.991,149.748,91418,0,0
2024.10.15 00:00:00,149.744,149.836,148.846,149.192,150256,0,0
2024.10.16 00:00:00,149.192,149.808,148.866,149.631,133438,0,0
2024.10.17 00:00:00,149.631,150.321,149.240,150.198,141751,0,0
2024.10.18 00:00:00,150.198,150.285,149.364,149.497,119809,0,0
2024.10.21 00:00:00,149.452,150.885,149.087,150.830,131355,0,0
2024.10.22 00:00:00,150.830,151.196,150.493,151.068,149477,0,0
2024.10.23 00:00:00,151.068,153.186,150.979,152.750,169166,0,0
2024.10.24 00:00:00,152.750,152.834,151.552,151.820,170766,0,0
2024.10.25 00:00:00,151.820,152.378,151.449,152.268,153103,0,0
2024.10.28 00:00:00,153.192,153.880,152.404,153.263,174121,0,0
2024.10.29 00:00:00,153.266,153.866,152.754,153.350,165516,0,0
2024.10.30 00:00:00,153.350,153.496,152.778,153.403,169116,0,0
2024.10.31 00:00:00,153.403,153.632,151.831,152.024,223701,0,0
2024.11.01 00:00:00,152.024,153.092,151.788,152.934,193274,0,0
2024.11.04 00:00:00,152.262,152.524,151.533,152.126,169593,0,0
2024.11.05 00:00:00,152.126,152.546,151.335,151.611,135450,0,0
2024.11.06 00:00:00,151.611,154.697,151.281,154.623,397697,0,0
2024.11.07 00:00:00,154.623,154.714,152.691,152.923,222159,0,0
2024.11.08 00:00:00,152.923,153.369,152.142,152.628,182721,0,0
2024.11.11 00:00:00,152.680,153.954,152.615,153.709,109661,0,0
2024.11.12 00:00:00,153.709,154.922,153.408,154.599,143223,0,0
2024.11.13 00:00:00,154.599,155.625,154.339,155.453,171006,0,0
2024.11.14 00:00:00,155.428,156.420,155.322,156.254,169704,0,0
2024.11.15 00:00:00,156.239,156.750,153.862,154.232,209095,0,0
2024.11.18 00:00:00,154.315,155.356,153.835,154.655,212012,0,0
2024.11.19 00:00:00,154.655,154.799,153.277,154.649,224659,0,0
2024.11.20 00:00:00,154.649,155.887,154.520,155.386,154528,0,0
2024.11.21 00:00:00,155.383,155.395,153.905,154.529,216539,0,0
2024.11.22 00:00:00,154.529,155.022,153.965,154.716,185512,0,0
2024.11.25 00:00:00,154.168,154.723,153.548,154.178,203621,0,0
2024.11.26 00:00:00,154.178,154.488,152.980,153.092,204113,0,0
2024.11.27 00:00:00,153.092,153.234,150.453,151.074,210296,0,0
2024.11.28 00:00:00,151.054,151.955,150.870,151.532,108135,0,0
2024.11.29 00:00:00,151.532,151.541,149.462,149.730,236667,0,0
2024.12.02 00:00:00,149.615,150.752,149.081,149.584,216795,0,0
2024.12.03 00:00:00,149.584,150.238,148.644,149.591,182530,0,0
2024.12.04 00:00:00,149.592,151.230,149.522,150.549,194326,0,0
2024.12.05 00:00:00,150.549,150.776,149.654,150.058,159365,0,0
2024.12.06 00:00:00,150.058,150.697,149.362,149.950,162036,0,0
2024.12.09 00:00:00,149.998,151.347,149.691,151.189,123084,0,0
2024.12.10 00:00:00,151.190,152.181,150.896,151.935,135710,0,0
2024.12.11 00:00:00,151.915,152.854,151.006,152.438,167650,0,0
2024.12.12 00:00:00,152.438,152.775,151.799,152.619,166641,0,0
2024.12.13 00:00:00,152.619,153.800,152.452,153.570,118382,0,0
2024.12.16 00:00:00,153.609,154.479,153.319,154.103,108060,0,0
2024.12.17 00:00:00,154.103,154.345,153.161,153.407,132633,0,0
2024.12.18 00:00:00,153.407,154.866,153.334,154.749,145607,0,0
2024.12.19 00:00:00,154.749,157.808,154.433,157.415,221231,0,0
2024.12.20 00:00:00,157.415,157.927,155.953,156.400,199550,0,0
2024.12.23 00:00:00,156.332,157.269,156.317,157.091,108697,0,0
2024.12.24 00:00:00,157.086,157.392,156.890,157.100,69000,0,0
2024.12.26 00:00:00,157.135,158.085,157.073,157.963,78038,0,0
2024.12.27 00:00:00,157.963,157.991,157.351,157.798,93379,0,0
2024.12.30 00:00:00,157.727,158.068,156.668,156.825,107295,0,0
2024.12.31 00:00:00,156.825,157.548,156.022,157.193,117198,0,0
2025.01.02 00:00:00,157.152,157.850,156.434,157.474,131345,0,0
2025.01.03 00:00:00,157.474,157.568,156.873,157.238,86771,0,0
2025.01.06 00:00:00,157.152,157.963,156.238,157.535,126061,0,0
2025.01.07 00:00:00,157.537,158.426,157.364,158.052,127338,0,0
2025.01.08 00:00:00,158.052,158.555,157.902,158.342,115485,0,0
2025.01.09 00:00:00,158.343,158.398,157.574,158.111,78965,0,0
2025.01.10 00:00:00,158.111,158.879,157.228,157.670,137451,0,0
2025.01.13 00:00:00,157.715,157.966,156.912,157.468,117599,0,0
2025.01.14 00:00:00,157.468,158.196,157.039,157.961,127799,0,0
2025.01.15 00:00:00,157.961,158.082,155.932,156.465,125173,0,0
2025.01.16 00:00:00,156.465,156.527,155.093,155.093,132102,0,0
2025.01.17 00:00:00,155.133,156.374,154.975,156.230,105499,0,0
2025.01.20 00:00:00,156.213,156.585,155.411,155.574,122565,0,0
2025.01.21 00:00:00,155.574,156.235,154.770,155.463,151638,0,0
2025.01.22 00:00:00,155.463,156.709,155.353,156.476,109408,0,0
2025.01.23 00:00:00,156.477,156.754,155.743,156.052,109239,0,0
2025.01.24 00:00:00,156.052,156.578,154.842,155.979,159182,0,0
2025.01.27 00:00:00,156.002,156.247,153.712,154.503,181514,0,0
2025.01.28 00:00:00,154.495,155.977,154.458,155.486,140391,0,0
2025.01.29 00:00:00,155.486,155.790,154.939,155.213,131694,0,0
2025.01.30 00:00:00,155.222,155.245,153.788,154.291,151486,0,0
2025.01.31 00:00:00,154.291,155.221,153.912,155.157,152683,0,0
2025.02.03 00:00:00,154.823,155.883,154.009,154.744,224344,0,0
2025.02.04 00:00:00,154.744,155.525,154.172,154.332,144786,0,0
2025.02.05 00:00:00,154.332,154.462,152.114,152.599,169115,0,0
2025.02.06 00:00:00,152.599,152.895,151.238,151.352,149750,0,0
2025.02.07 00:00:00,151.352,152.430,150.928,151.385,171251,0,0
2025.02.10 00:00:00,151.287,152.538,151.184,151.991,123210,0,0
2025.02.11 00:00:00,151.991,152.606,151.648,152.481,112029,0,0
2025.02.12 00:00:00,152.481,154.803,152.362,154.408,150654,0,0
2025.02.13 00:00:00,154.408,154.669,152.700,152.797,151831,0,0
2025.02.14 00:00:00,152.799,153.153,152.023,152.282,126173,0,0
2025.02.17 00:00:00,152.489,152.489,151.338,151.488,104432,0,0
2025.02.18 00:00:00,151.487,152.225,151.233,152.053,127272,0,0
2025.02.19 00:00:00,152.053,152.314,151.240,151.463,150362,0,0
2025.02.20 00:00:00,151.463,151.463,149.397,149.619,175638,0,0
2025.02.21 00:00:00,149.620,150.736,148.924,149.225,183125,0,0
2025.02.24 00:00:00,149.201,149.873,148.844,149.704,198697,0,0
2025.02.25 00:00:00,149.704,150.302,148.565,149.020,168493,0,0
2025.02.26 00:00:00,149.020,149.887,148.628,149.075,159023,0,0
2025.02.27 00:00:00,149.075,150.163,148.742,149.806,166239,0,0
2025.02.28 00:00:00,149.806,150.989,149.098,150.605,164949,0,0
2025.03.03 00:00:00,150.668,151.303,149.098,149.495,175355,0,0
2025.03.04 00:00:00,149.495,149.877,148.093,149.717,291178,0,0
2025.03.05 00:00:00,149.717,150.186,148.383,148.877,278315,0,0
2025.03.06 00:00:00,148.877,149.335,147.311,147.978,286213,0,0
2025.03.07 00:00:00,147.978,148.201,146.944,148.017,281502,0,0
2025.03.10 00:00:00,147.612,147.852,146.632,147.164,220846,0,0
2025.03.11 00:00:00,147.162,148.119,146.542,147.698,268610,0,0
2025.03.12 00:00:00,147.698,149.196,147.698,148.218,181990,0,0
2025.03.13 00:00:00,148.202,148.372,147.414,147.758,189333,0,0
2025.03.14 00:00:00,147.752,149.021,147.741,148.587,147136,0,0
2025.03.17 00:00:00,148.719,149.283,148.210,149.199,148952,0,0
2025.03.18 00:00:00,149.175,149.935,149.090,149.254,110584,0,0
2025.03.19 00:00:00,149.236,150.146,148.602,148.678,107156,1,0
2025.03.20 00:00:00,148.678,148.961,148.179,148.771,103976,1,0
2025.03.21 00:00:00,148.750,149.663,148.585,149.265,101033,0,0
2025.03.24 00:00:00,149.333,150.756,149.316,150.691,92967,0,0
2025.03.25 00:00:00,150.691,150.943,149.552,149.900,88423,0,0
2025.03.26 00:00:00,149.868,150.746,149.835,150.558,99831,0,0
2025.03.27 00:00:00,150.558,151.156,150.060,151.039,116341,0,0
2025.03.28 00:00:00,151.039,151.207,149.684,149.809,121306,0,0
2025.03.31 00:00:00,149.735,150.267,148.700,149.953,164836,0,0
2025.04.01 00:00:00,149.953,150.140,148.975,149.586,143124,0,0
2025.04.02 00:00:00,149.573,150.489,149.102,149.219,147981,0,0
2025.04.03 00:00:00,149.219,149.241,145.187,146.029,259838,0,0
2025.04.04 00:00:00,145.995,147.435,144.551,146.925,318840,0,0
2025.04.07 00:00:00,145.475,148.149,144.817,147.796,384439,0,0
2025.04.08 00:00:00,147.772,148.122,145.964,146.225,279864,0,0
2025.04.09 00:00:00,146.228,148.280,143.997,147.697,330225,0,0
2025.04.10 00:00:00,147.781,147.781,144.014,144.420,285665,0,0
2025.04.11 00:00:00,144.420,144.601,142.041,143.465,279124,0,0
2025.04.14 00:00:00,143.886,144.081,142.232,143.008,211987,0,0
2025.04.15 00:00:00,142.993,143.595,142.598,143.169,145522,0,0
2025.04.16 00:00:00,143.101,143.280,141.642,141.820,167485,0,0
2025.04.17 00:00:00,141.811,143.085,141.612,142.397,152057,0,0
2025.04.18 00:00:00,142.397,142.481,142.091,142.123,223412,0,0
2025.04.21 00:00:00,142.080,142.115,140.471,140.834,124389,0,0
2025.04.22 00:00:00,140.834,141.670,139.886,141.528,141019,0,0
2025.04.23 00:00:00,141.528,143.574,141.436,143.437,177957,0,0
2025.04.24 00:00:00,143.433,143.433,142.277,142.616,120223,0,0
2025.04.25 00:00:00,142.623,144.031,142.559,143.620,118744,0,0
2025.04.28 00:00:00,143.565,143.895,141.958,141.958,108497,0,0
2025.04.29 00:00:00,141.958,142.759,141.958,142.275,106214,0,0
2025.04.30 00:00:00,142.275,143.191,142.157,143.066,117054,0,0
2025.05.01 00:00:00,142.961,145.735,142.881,145.305,103525,0,0
2025.05.02 00:00:00,145.305,145.927,143.728,144.923,135911,0,0
2025.05.05 00:00:00,144.664,144.995,143.539,143.680,98371,0,0
2025.05.06 00:00:00,143.680,144.275,142.352,142.411,103346,0,0
2025.05.07 00:00:00,142.411,143.994,142.380,143.808,124571,0,0
2025.05.08 00:00:00,143.808,146.175,143.444,145.908,127301,0,0
2025.05.09 00:00:00,145.876,146.186,144.824,145.354,95145,0,0
2025.05.12 00:00:00,146.207,148.648,145.704,148.451,149436,0,0
2025.05.13 00:00:00,148.451,148.457,147.376,147.470,115422,0,0
2025.05.14 00:00:00,147.470,147.672,145.605,146.744,127874,0,0
2025.05.15 00:00:00,146.744,146.752,145.412,145.657,113232,0,0
2025.05.16 00:00:00,145.657,146.102,144.918,145.581,92684,0,0
2025.05.19 00:00:00,145.227,145.470,144.664,144.841,114591,0,0
2025.05.20 00:00:00,144.818,145.513,144.089,144.500,109648,0,0
2025.05.21 00:00:00,144.470,144.567,143.283,143.665,126906,0,0
2025.05.22 00:00:00,143.640,144.400,142.803,144.002,139500,0,0
2025.05.23 00:00:00,144.002,144.058,142.420,142.548,127328,0,0
2025.05.26 00:00:00,142.430,143.083,142.228,142.835,64993,0,0
2025.05.27 00:00:00,142.835,144.457,142.114,144.318,111324,0,0
2025.05.28 00:00:00,144.318,145.077,143.851,144.821,112156,0,0
2025.05.29 00:00:00,144.821,146.291,143.960,144.154,139970,0,0
2025.05.30 00:00:00,144.154,144.443,143.441,143.953,134372,0,0
2025.06.02 00:00:00,143.714,143.986,142.538,142.661,124272,0,0
2025.06.03 00:00:00,142.661,144.111,142.378,143.864,102020,0,0
2025.06.04 00:00:00,143.889,144.391,142.604,142.734,109474,0,0
2025.06.05 00:00:00,142.734,143.977,142.529,143.418,125671,0,0
2025.06.06 00:00:00,143.418,145.088,143.245,144.800,117924,0,0
2025.06.09 00:00:00,144.766,144.947,143.975,144.524,86880,0,0
2025.06.10 00:00:00,144.524,145.291,144.402,144.807,102079,0,0
2025.06.11 00:00:00,144.807,145.466,144.324,144.527,112589,0,0
2025.06.12 00:00:00,144.527,144.537,143.184,143.459,126079,0,0
2025.06.13 00:00:00,143.427,144.483,142.791,144.041,146717,0,0
2025.06.16 00:00:00,143.936,144.875,143.650,144.712,119321,0,0
2025.06.17 00:00:00,144.712,145.380,144.341,145.173,127702,0,0
2025.06.18 00:00:00,145.157,145.441,144.328,145.102,117317,0,0
2025.06.19 00:00:00,145.055,145.769,144.735,145.309,85636,0,0
2025.06.20 00:00:00,145.309,146.217,145.121,146.052,101353,0,0
2025.06.23 00:00:00,146.656,148.029,146.010,146.081,148892,0,0
2025.06.24 00:00:00,146.081,146.176,144.513,144.884,130850,0,0
2025.06.25 00:00:00,144.884,145.952,144.607,145.170,103233,0,0
2025.06.26 00:00:00,145.045,145.264,143.751,144.354,125736,0,0
2025.06.27 00:00:00,144.342,144.946,144.177,144.614,118478,0,0
2025.06.30 00:00:00,144.308,144.761,143.779,143.969,121847,0,0
2025.07.01 00:00:00,143.969,144.045,142.681,143.381,143640,0,0
2025.07.02 00:00:00,143.382,144.245,143.313,143.580,130571,0,0
2025.07.03 00:00:00,143.580,145.235,143.444,144.917,117229,0,0
2025.07.04 00:00:00,144.886,144.968,144.181,144.296,94672,0,0
2025.07.07 00:00:00,144.368,146.242,144.225,146.020,120557,0,0
2025.07.08 00:00:00,145.997,146.977,145.828,146.514,124033,0,0
2025.07.09 00:00:00,146.514,147.181,146.250,146.306,114697,0,0
2025.07.10 00:00:00,146.306,146.787,145.753,146.234,108548,0,0
2025.07.11 00:00:00,146.234,147.522,146.133,147.397,116449,0,0
2025.07.14 00:00:00,147.154,147.779,146.851,147.681,109987,0,0
2025.07.15 00:00:00,147.681,149.020,147.548,148.820,105692,0,0
2025.07.16 00:00:00,148.820,149.184,146.911,147.784,156733,0,0
2025.07.17 00:00:00,147.785,149.085,147.727,148.498,128356,0,0
2025.07.18 00:00:00,148.498,148.882,148.181,148.818,112107,0,0
2025.07.21 00:00:00,147.898,148.667,147.078,147.275,114447,0,0
2025.07.22 00:00:00,147.275,147.949,146.308,146.585,111714,0,0
2025.07.23 00:00:00,146.585,147.213,146.107,146.407,137771,0,0
2025.07.24 00:00:00,146.407,147.021,145.856,146.993,138092,0,0
2025.07.25 00:00:00,146.993,147.939,146.810,147.643,131871,0,0
2025.07.28 00:00:00,147.708,148.577,147.517,148.492,134720,0,0
2025.07.29 00:00:00,148.492,148.810,148.155,148.405,120745,0,0
2025.07.30 00:00:00,148.405,149.527,147.802,149.481,144947,0,0
2025.07.31 00:00:00,149.481,150.841,148.590,150.724,151844,0,0
2025.08.01 00:00:00,150.724,150.916,147.292,147.360,204281,0,0
2025.08.04 00:00:00,147.214,148.091,146.862,147.073,175666,0,0
2025.08.05 00:00:00,147.056,147.835,146.616,147.584,153691,0,0
2025.08.06 00:00:00,147.466,147.886,146.977,147.310,139122,0,0
2025.08.07 00:00:00,147.310,147.709,146.690,147.105,164220,0,0
2025.08.08 00:00:00,147.105,147.905,146.715,147.619,144875,0,0
2025.08.11 00:00:00,147.446,148.253,147.349,148.140,119915,0,0
2025.08.12 00:00:00,148.140,148.519,147.577,147.837,162112,0,0
2025.08.13 00:00:00,147.650,148.165,147.087,147.366,130882,0,0
2025.08.14 00:00:00,147.304,147.961,146.214,147.747,161897,0,0
2025.08.15 00:00:00,147.747,147.870,146.736,147.161,126936,0,0
2025.08.18 00:00:00,147.099,147.987,147.080,147.869,120859,0,0
2025.08.19 00:00:00,147.869,148.108,147.444,147.663,125746,0,0
2025.08.20 00:00:00,147.663,147.818,146.867,147.314,127287,0,0
2025.08.21 00:00:00,147.300,148.407,147.233,148.361,129422,0,0
2025.08.22 00:00:00,148.361,148.779,146.573,146.908,138495,0,0
2025.08.25 00:00:00,146.826,147.939,146.740,147.745,111512,0,0
2025.08.26 00:00:00,147.745,147.906,146.987,147.339,149600,0,0
2025.08.27 00:00:00,147.339,148.184,147.238,147.358,122950,0,0
2025.08.28 00:00:00,147.358,147.481,146.659,146.921,133586,0,0
2025.08.29 00:00:00,146.921,147.409,146.758,146.999,123897,0,0
2025.09.01 00:00:00,147.037,147.382,146.784,147.168,90832,0,0
2025.09.02 00:00:00,147.168,148.945,147.043,148.355,166554,0,0
2025.09.03 00:00:00,148.355,149.133,147.875,148.061,137187,0,0
2025.09.04 00:00:00,148.061,148.779,147.787,148.479,129287,0,0
2025.09.05 00:00:00,148.479,148.515,146.818,147.336,145418,0,0
2025.09.08 00:00:00,148.042,148.581,147.336,147.422,134844,0,0
2025.09.09 00:00:00,147.422,147.521,146.304,147.405,139529,0,0
2025.09.10 00:00:00,147.405,147.647,147.063,147.457,123437,0,0
2025.09.11 00:00:00,147.457,148.181,146.986,147.199,132091,0,0
2025.09.12 00:00:00,147.199,148.072,147.118,147.636,113658,0,0
2025.09.15 00:00:00,147.498,147.786,147.231,147.354,110843,0,0
2025.09.16 00:00:00,147.357,147.540,146.276,146.446,120460,0,0
2025.09.17 00:00:00,146.446,147.050,145.485,146.949,107113,0,0
2025.09.18 00:00:00,146.949,148.266,146.770,147.983,136341,0,0
2025.09.19 00:00:00,147.983,148.287,147.193,147.944,163907,0,0
2025.09.22 00:00:00,147.863,148.373,147.653,147.695,93653,0,0
2025.09.23 00:00:00,147.695,147.928,147.459,147.585,108232,0,0
2025.09.24 00:00:00,147.562,148.912,147.483,148.888,96332,0,0
2025.09.25 00:00:00,148.888,149.925,148.555,149.786,114911,0,0
2025.09.26 00:00:00,149.730,149.957,149.403,149.495,103117,0,0
2025.09.29 00:00:00,149.397,149.517,148.468,148.573,102612,0,0
2025.09.30 00:00:00,148.573,148.845,147.652,147.865,113761,0,0
2025.10.01 00:00:00,147.865,148.226,146.587,147.038,129930,0,0
2025.10.02 00:00:00,147.038,147.515,146.598,147.209,100433,0,0
2025.10.03 00:00:00,147.209,147.816,147.042,147.419,95241,0,0
2025.10.06 00:00:00,149.415,150.477,149.038,150.344,140808,0,0
2025.10.07 00:00:00,150.344,152.041,150.180,151.894,107329,0,0
2025.10.08 00:00:00,151.869,153.000,151.739,152.679,127800,0,0
2025.10.09 00:00:00,152.679,153.239,152.110,153.017,143611,0,0
2025.10.10 00:00:00,153.017,153.273,151.108,151.143,162133,0,0
2025.10.13 00:00:00,151.822,152.449,151.722,152.266,135556,0,0
2025.10.14 00:00:00,152.266,152.611,151.601,151.821,171009,0,0
2025.10.15 00:00:00,151.821,151.875,150.899,151.040,137899,0,0
2025.10.16 00:00:00,150.949,151.403,150.209,150.421,151901,0,0
2025.10.17 00:00:00,150.421,150.629,149.379,150.596,162255,0,0
2025.10.20 00:00:00,150.372,151.204,150.272,150.727,110778,0,0
2025.10.21 00:00:00,150.727,152.175,150.464,151.921,135980,0,0
2025.10.22 00:00:00,151.921,152.048,151.486,151.953,130688,0,0
2025.10.23 00:00:00,151.906,152.800,151.821,152.534,94826,0,0
2025.10.24 00:00:00,152.531,153.064,152.215,152.832,101392,0,0
2025.10.27 00:00:00,152.756,153.256,152.563,152.866,98478,0,0
2025.10.28 00:00:00,152.865,152.887,151.757,152.098,117781,0,0
2025.10.29 00:00:00,152.098,153.061,151.539,152.719,125649,0,0
2025.10.30 00:00:00,152.719,154.446,152.156,154.116,140485,0,0
2025.10.31 00:00:00,154.125,154.415,153.652,153.977,104047,0,0
2025.11.03 00:00:00,153.956,154.296,153.902,154.205,74628,0,0
2025.11.04 00:00:00,154.205,154.487,153.316,153.664,109166,0,0
2025.11.05 00:00:00,153.631,154.355,152.955,154.106,111751,0,0
2025.11.06 00:00:00,154.099,154.142,152.832,153.046,98008,0,0
2025.11.07 00:00:00,153.046,153.594,152.815,153.303,115164,0,0
2025.11.10 00:00:00,153.658,154.247,153.407,154.135,102001,0,0
2025.11.11 00:00:00,154.138,154.496,153.664,154.141,88384,0,0
2025.11.12 00:00:00,154.141,155.043,154.026,154.776,93716,0,0
2025.11.13 00:00:00,154.776,155.018,154.126,154.531,124176,0,0
2025.11.14 00:00:00,154.531,154.764,153.615,154.515,138241,0,0
2025.11.17 00:00:00,154.486,155.305,154.414,155.208,97719,0,0
2025.11.18 00:00:00,155.208,155.730,154.814,155.470,140356,0,0
2025.11.19 00:00:00,155.374,157.180,155.212,157.145,127607,0,0
2025.11.20 00:00:00,157.123,157.895,156.877,157.439,152425,0,0
2025.11.21 00:00:00,157.439,157.543,156.199,156.338,156034,0,0
2025.11.24 00:00:00,156.281,157.189,156.281,156.820,97635,0,0
2025.11.25 00:00:00,156.821,156.984,155.805,156.016,109840,0,0
2025.11.26 00:00:00,156.016,156.736,155.652,156.442,121376,0,0
2025.11.27 00:00:00,156.442,156.446,155.721,156.268,66207,0,0
2025.11.28 00:00:00,156.268,156.579,155.981,156.144,212878,0,0
2025.12.01 00:00:00,156.043,156.153,154.666,155.424,96722,0,0
2025.12.02 00:00:00,155.413,156.175,155.403,155.775,76625,0,0
2025.12.03 00:00:00,155.775,155.904,155.012,155.206,77496,0,0
2025.12.04 00:00:00,155.206,155.541,154.509,155.062,91359,0,0
2025.12.05 00:00:00,155.062,155.492,154.344,155.258,90077,0,0
2025.12.08 00:00:00,155.137,155.987,154.902,155.916,110880,0,0
2025.12.09 00:00:00,155.916,156.955,155.739,156.859,108238,0,0
2025.12.10 00:00:00,156.847,156.940,155.792,155.923,100509,0,0
2025.12.11 00:00:00,155.901,156.164,154.942,155.570,119833,0,0
2025.12.12 00:00:00,155.570,156.128,155.446,155.776,95258,0,0
2025.12.15 00:00:00,155.754,155.982,154.834,155.123,91859,0,0
2025.12.16 00:00:00,155.138,155.228,154.394,154.705,123430,0,0
2025.12.17 00:00:00,154.705,155.747,154.512,155.664,109120,0,0
2025.12.18 00:00:00,155.646,155.975,155.282,155.529,106873,0,0
2025.12.19 00:00:00,155.529,157.770,155.402,157.741,116697,0,0
2025.12.22 00:00:00,157.659,157.705,156.703,157.037,97825,0,0
2025.12.23 00:00:00,157.037,157.037,155.651,156.171,122566,0,0
2025.12.24 00:00:00,156.170,156.283,155.556,155.891,113104,0,0
2025.12.26 00:00:00,155.901,156.729,155.756,156.446,85442,0,0
2025.12.29 00:00:00,156.448,156.531,155.915,156.018,100544,0,0
2025.12.30 00:00:00,156.000,156.568,155.744,156.367,93044,0,0
2025.12.31 00:00:00,156.300,156.996,156.300,156.652,84447,0,0
2026.01.02 00:00:00,156.620,157.001,156.517,156.787,74586,0,0
2026.01.05 00:00:00,156.689,157.299,156.112,156.300,108377,0,0
2026.01.06 00:00:00,156.232,156.793,156.161,156.612,111712,0,0
2026.01.07 00:00:00,156.589,156.807,156.295,156.746,95906,0,0
2026.01.08 00:00:00,156.743,157.072,156.459,156.842,116162,0,0
2026.01.09 00:00:00,156.844,158.186,156.761,157.810,136342,0,0
2026.01.12 00:00:00,158.092,158.202,157.515,158.052,100298,0,0
2026.01.13 00:00:00,158.043,159.192,157.896,159.092,168069,0,0
2026.01.14 00:00:00,159.088,159.454,158.098,158.377,175962,0,0
2026.01.15 00:00:00,158.351,158.881,158.211,158.607,170911,0,0
2026.01.16 00:00:00,158.581,158.702,157.824,158.045,149164,0,0
2026.01.19 00:00:00,157.919,158.165,157.424,158.038,91523,0,0
2026.01.20 00:00:00,158.039,158.605,157.469,158.137,186691,0,0
2026.01.21 00:00:00,158.133,158.535,157.748,158.262,172369,0,0
2026.01.22 00:00:00,158.253,158.895,158.179,158.355,160783,0,0
2026.01.23 00:00:00,158.349,159.228,155.588,155.612,179328,0,0
2026.01.26 00:00:00,154.661,155.345,153.305,154.151,222943,0,0
2026.01.27 00:00:00,154.140,154.877,152.093,152.143,174288,0,0
2026.01.28 00:00:00,152.159,154.048,152.146,153.403,212699,0,0
2026.01.29 00:00:00,153.400,153.538,152.680,153.082,210630,0,0
2026.01.30 00:00:00,153.058,154.794,152.868,154.730,232900,0,0
2026.02.02 00:00:00,154.894,155.788,154.549,155.621,221222,0,0
2026.02.03 00:00:00,155.595,156.084,155.301,155.718,165929,0,0
2026.02.04 00:00:00,155.718,156.947,155.644,156.832,178604,0,0
2026.02.05 00:00:00,156.815,157.337,156.529,157.003,138387,0,0
2026.02.06 00:00:00,156.860,157.262,156.509,157.163,130146,0,0
2026.02.09 00:00:00,157.574,157.660,155.520,155.858,193091,0,0
2026.02.10 00:00:00,155.835,156.295,154.057,154.386,173951,0,0
2026.02.11 00:00:00,154.384,154.654,152.551,153.240,137662,0,0
2026.02.12 00:00:00,153.197,153.758,152.270,152.729,145725,0,0
2026.02.13 00:00:00,152.716,153.666,152.594,152.643,128480,0,0
2026.02.16 00:00:00,152.719,153.636,152.579,153.423,71575,0,0
2026.02.17 00:00:00,153.362,153.926,152.698,153.224,145248,0,0
2026.02.18 00:00:00,153.219,154.869,153.067,154.788,108182,0,0
2026.02.19 00:00:00,154.781,155.342,154.542,154.982,115881,0,0
2026.02.20 00:00:00,154.947,155.645,154.715,154.915,140624,0,0
2026.02.23 00:00:00,154.919,155.045,154.000,154.592,126344,0,0
2026.02.24 00:00:00,154.581,156.281,154.526,155.821,122350,0,0
2026.02.25 00:00:00,155.820,156.825,155.344,156.300,114085,0,0
2026.02.26 00:00:00,156.303,156.435,155.700,156.112,126402,0,0
2026.02.27 00:00:00,156.062,156.235,155.536,156.028,126402,0,0
2026.03.02 00:00:00,155.928,157.754,155.927,157.283,166266,0,0
2026.03.03 00:00:00,157.284,157.971,157.150,157.690,178025,0,0
2026.03.04 00:00:00,157.657,157.864,156.855,157.026,152633,0,0
2026.03.05 00:00:00,156.992,157.851,156.452,157.506,187691,0,0
2026.03.06 00:00:00,157.445,158.090,157.376,157.688,181414,0,0
2026.03.09 00:00:00,158.033,158.900,157.632,157.646,229194,0,0
2026.03.10 00:00:00,157.626,158.129,157.273,158.044,214902,0,0
2026.03.11 00:00:00,158.044,158.980,157.860,158.943,167928,0,0
2026.03.12 00:00:00,158.924,159.433,158.570,159.343,160950,0,0
2026.03.13 00:00:00,159.307,159.745,159.005,159.707,168072,0,0
2026.03.16 00:00:00,159.508,159.746,158.849,158.958,202097,0,0
2026.03.17 00:00:00,158.992,159.497,158.722,158.959,169524,0,0
2026.03.18 00:00:00,158.959,159.899,158.569,159.792,196288,0,0
2026.03.19 00:00:00,159.791,159.848,157.506,157.676,254164,0,0
2026.03.20 00:00:00,157.633,159.390,157.575,159.187,192413,0,0
2026.03.23 00:00:00,159.233,159.659,158.019,158.430,316107,0,0
2026.03.24 00:00:00,158.395,159.190,158.216,158.670,295342,0,0
2026.03.25 00:00:00,158.665,159.502,158.551,159.464,248514,0,0
2026.03.26 00:00:00,159.458,159.847,159.285,159.783,220837,0,0
2026.03.27 00:00:00,159.778,160.410,159.454,160.222,227308,0,0
2026.03.30 00:00:00,160.128,160.462,159.325,159.669,226710,0,0
2026.03.31 00:00:00,159.658,159.974,158.661,158.709,237177,0,0
2026.04.01 00:00:00,158.709,159.014,158.270,158.769,227499,0,0
2026.04.02 00:00:00,158.758,159.747,158.541,159.496,218986,0,0
2026.04.03 00:00:00,159.490,159.808,159.429,159.568,96440,0,0
2026.04.06 00:00:00,159.551,159.832,159.307,159.674,165116,0,0
2026.04.07 00:00:00,159.674,160.030,159.471,159.515,188216,0,0
2026.04.08 00:00:00,159.514,159.703,157.888,158.513,258734,0,0
2026.04.09 00:00:00,158.482,159.299,158.428,158.909,171790,0,0
2026.04.10 00:00:00,158.855,159.375,158.844,159.177,153635,0,0
2026.04.13 00:00:00,159.568,159.861,159.292,159.440,177380,0,0
2026.04.14 00:00:00,159.439,159.439,158.602,158.749,174762,0,0
2026.04.15 00:00:00,158.754,159.155,158.645,158.943,180305,0,0
2026.04.16 00:00:00,158.926,159.307,158.266,159.108,174327,0,0
2026.04.17 00:00:00,159.064,159.532,157.594,158.550,181463,0,0
2026.04.20 00:00:00,158.771,159.202,158.549,158.739,194878,0,0
2026.04.21 00:00:00,158.739,159.639,158.684,159.334,188567,0,0
2026.04.22 00:00:00,159.305,159.575,159.099,159.426,170330,0,0
2026.04.23 00:00:00,159.404,159.843,159.292,159.655,198109,0,0
2026.04.24 00:00:00,159.626,159.846,159.275,159.275,176637,0,0
2026.04.27 00:00:00,159.547,159.600,159.093,159.406,174409,0,0
2026.04.28 00:00:00,159.406,159.788,158.961,159.610,197002,0,0
2026.04.29 00:00:00,159.606,160.475,159.476,160.292,176760,0,0
2026.04.30 00:00:00,160.291,160.728,155.556,156.558,275317,0,0
2026.05.01 00:00:00,156.527,157.331,155.484,156.948,209966,0,0
2026.05.04 00:00:00,156.688,157.304,155.704,157.203,225687,0,0
2026.05.05 00:00:00,157.193,157.921,157.076,157.868,171785,0,0
2026.05.06 00:00:00,157.858,157.935,155.036,156.331,267148,0,0
2026.05.07 00:00:00,156.315,156.951,156.017,156.878,195946,0,0
2026.05.08 00:00:00,156.861,156.994,156.432,156.580,162203,0,0
2026.05.11 00:00:00,156.483,157.271,156.461,157.161,142077,0,0
2026.05.12 00:00:00,157.120,157.765,156.724,157.594,159860,0,0
2026.05.13 00:00:00,157.588,157.927,157.522,157.824,138804,0,0
2026.05.14 00:00:00,157.800,158.422,157.293,158.345,177127,0,0
2026.05.15 00:00:00,158.321,158.844,158.238,158.656,196402,0,0
2026.05.18 00:00:00,158.555,159.082,158.490,158.784,226957,0,0
2026.05.19 00:00:00,158.728,159.253,158.644,159.040,187550,0,0
2026.05.20 00:00:00,159.029,159.168,158.589,158.896,193749,0,0
2026.05.21 00:00:00,158.870,159.349,158.748,158.937,194483,0,0
2026.05.22 00:00:00,158.905,159.234,158.839,159.070,147361,0,0
2026.05.25 00:00:00,158.768,159.043,158.698,158.874,93837,0,0
2026.05.26 00:00:00,158.857,159.385,158.802,159.283,128891,0,0
2026.05.27 00:00:00,159.255,159.578,159.171,159.505,145713,0,0
2026.05.28 00:00:00,159.493,159.654,159.108,159.230,180193,0,0
2026.05.29 00:00:00,159.215,159.379,159.096,159.135,164440,0,0
2026.06.01 00:00:00,159.340,159.767,159.300,159.643,198953,0,0
2026.06.02 00:00:00,159.618,159.987,159.550,159.879,155893,0,0
2026.06.03 00:00:00,159.852,160.092,159.368,160.030,205826,0,0
2026.06.04 00:00:00,160.005,160.076,159.602,160.005,207216,0,0
2026.06.05 00:00:00,160.001,160.344,159.739,160.235,183288,0,0
2026.06.08 00:00:00,160.140,160.397,159.842,160.115,189149,0,0
2026.06.09 00:00:00,160.090,160.449,160.052,160.347,178911,0,0
2026.06.10 00:00:00,160.328,160.576,160.239,160.524,186829,0,0
2026.06.11 00:00:00,160.499,160.597,159.542,159.877,189726,0,0
2026.06.12 00:00:00,159.849,160.374,159.799,160.131,207996,0,0
2026.06.15 00:00:00,160.109,160.395,159.734,160.312,179849,0,0
2026.06.16 00:00:00,160.286,160.484,160.047,160.372,168774,0,0
2026.06.17 00:00:00,160.370,160.801,160.117,160.620,177764,0,0
2026.06.18 00:00:00,160.601,161.813,160.476,161.346,217405,0,0
2026.06.19 00:00:00,161.312,161.458,160.989,161.193,168432,0,0
2026.06.22 00:00:00,161.211,161.933,161.077,161.541,208499,0,0
2026.06.23 00:00:00,161.501,161.742,161.268,161.485,189956,0,0
2026.06.24 00:00:00,161.465,161.843,161.440,161.750,178837,0,0
2026.06.25 00:00:00,161.718,161.952,161.555,161.780,184822,0,0
2026.06.26 00:00:00,161.781,161.849,161.532,161.640,193750,0,0
2026.06.29 00:00:00,161.715,161.985,161.682,161.934,147359,0,0
2026.06.30 00:00:00,161.913,162.676,161.827,162.492,162142,0,0
2026.07.01 00:00:00,162.493,162.842,162.290,162.566,167565,0,0
2026.07.02 00:00:00,162.548,162.597,160.636,161.085,235784,0,0
2026.07.03 00:00:00,161.072,161.523,160.486,161.253,148845,2,0
2026.07.06 00:00:00,161.182,162.428,161.182,162.068,144607,2,0
2026.07.07 00:00:00,162.057,162.183,161.650,162.087,154912,2,0
2026.07.08 00:00:00,162.073,162.706,161.947,162.565,169102,2,0
2026.07.09 00:00:00,162.543,162.613,162.245,162.348,138321,2,0
2026.07.10 00:00:00,162.335,162.425,161.281,161.584,198619,2,0
2026.07.13 00:00:00,161.661,162.484,161.633,162.334,235430,2,0
2026.07.14 00:00:00,162.334,162.474,161.600,162.225,233171,2,0
2026.07.15 00:00:00,162.192,162.421,161.896,162.170,171798,2,0
2026.07.16 00:00:00,162.153,162.545,161.983,162.379,162258,2,0
2026.07.17 00:00:00,162.366,162.518,162.133,162.313,135060,2,0
2026.07.20 00:00:00,162.403,162.592,162.205,162.488,115903,2,0
2026.07.21 00:00:00,162.488,163.241,162.357,163.163,132871,2,0
2026.07.22 00:00:00,163.126,163.228,162.686,163.135,176744,2,0
2026.07.23 00:00:00,163.114,163.990,162.995,163.810,214056,2,0
2026.07.24 00:00:00,163.799,163.939,163.636,163.765,191012,2,0
2026.07.27 00:00:00,163.513,163.797,163.325,163.695,162377,2,0
2026.07.28 00:00:00,163.672,163.950,163.607,163.800,131715,2,0
2026.07.29 00:00:00,163.800,163.909,163.229,163.366,166869,2,0
2026.07.30 00:00:00,163.356,163.743,157.964,159.493,261876,2,0
2026.07.31 00:00:00,159.490,160.884,157.154,157.577,331861,2,0
2026.08.03 00:00:00,157.148,157.887,155.223,157.156,266181,2,0
2026.08.04 00:00:00,157.142,157.962,157.127,157.643,208939,2,0
2026.08.05 00:00:00,157.623,157.879,157.306,157.730,205698,2,0
2026.08.06 00:00:00,157.705,158.553,157.556,158.375,139934,2,0
2026.08.07 00:00:00,158.354,158.574,156.679,157.695,152927,2,0
2026.08.10 00:00:00,157.691,159.363,157.522,159.281,140902,2,0
2026.08.11 00:00:00,159.275,159.392,158.923,159.271,126458,2,0
2026.08.12 00:00:00,159.251,159.544,158.583,159.405,137801,2,0
2026.08.13 00:00:00,159.407,159.567,159.022,159.477,124662,2,0
2026.08.14 00:00:00,159.477,159.518,158.599,159.298,143237,2,0
2026.08.17 00:00:00,159.275,159.599,158.843,159.427,136069,2,0
2026.08.18 00:00:00,159.422,159.779,159.235,159.602,128558,2,0
2026.08.19 00:00:00,159.602,159.643,158.039,158.139,205157,2,0
