timestamp_utc,open,high,low,close,tick_volume,spread_points,real_volume
2023-01-03 00:00:00,130.71100000000001,131.40299999999999,129.50800000000001,130.982,187098,0,33542432000
2023-01-04 00:00:00,130.98400000000001,132.71799999999999,129.92599999999999,132.59299999999999,190895,0,33022204000
2023-01-05 00:00:00,132.59299999999999,134.05500000000001,131.68100000000001,133.32900000000001,188153,0,38298646000
2023-01-06 00:00:00,133.34899999999999,134.774,131.995,132.095,179966,0,45655884000
2023-01-09 00:00:00,131.917,132.65700000000001,131.304,131.84899999999999,159350,0,40500400000
2023-01-10 00:00:00,131.75200000000001,132.477,131.38499999999999,132.215,176359,0,45248312000
2023-01-11 00:00:00,132.21600000000001,132.87299999999999,132.065,132.42699999999999,135005,0,23930644000
2023-01-12 00:00:00,132.42599999999999,132.48099999999999,128.86199999999999,129.24100000000001,191450,0,28416842000
2023-01-13 00:00:00,129.203,129.42400000000001,127.459,127.84699999999999,167153,0,23371649000
2023-01-16 00:00:00,127.791,128.86500000000001,127.22199999999999,128.53899999999999,117126,0,14995729000
2023-01-17 00:00:00,128.53800000000001,129.15700000000001,127.992,128.09299999999999,142505,0,20682645000
2023-01-18 00:00:00,128.125,131.577,127.566,128.851,203233,0,26537340000
2023-01-19 00:00:00,128.85300000000001,128.88800000000001,127.761,128.387,130506,0,16474216000
2023-01-20 00:00:00,128.36799999999999,130.613,128.34999999999999,129.55600000000001,122055,0,17127236000
2023-01-23 00:00:00,129.50399999999999,130.88999999999999,129.04400000000001,130.655,110240,0,16648944000
2023-01-24 00:00:00,130.62,131.11799999999999,129.727,130.13,100656,0,14431888000
2023-01-25 00:00:00,130.113,130.584,129.267,129.55500000000001,111427,0,16746356000
2023-01-26 00:00:00,129.517,130.619,129.023,130.17699999999999,111881,0,15498336000
2023-01-27 00:00:00,130.148,130.26900000000001,129.49799999999999,129.821,108442,0,16980081000
2023-01-30 00:00:00,129.63399999999999,130.56999999999999,129.20699999999999,130.398,110857,0,15161440000
2023-01-31 00:00:00,130.398,130.53100000000001,129.745,130.065,109910,0,15933394000
2023-02-01 00:00:00,130.02500000000001,130.411,128.542,128.87799999999999,131748,0,20415608000
2023-02-02 00:00:00,128.89699999999999,129.131,128.08000000000001,128.61799999999999,146537,0,23173956000
2023-02-03 00:00:00,128.589,131.203,128.32900000000001,131.18000000000001,132664,0,22665304000
2023-02-06 00:00:00,132.374,132.904,131.50899999999999,132.56700000000001,139772,0,22885012000
2023-02-07 00:00:00,132.60599999999999,132.709,130.47399999999999,130.98099999999999,160078,0,26162054000
2023-02-08 00:00:00,131.023,131.53899999999999,130.596,131.34200000000001,130185,0,20662062000
2023-02-09 00:00:00,131.32499999999999,131.827,130.34,131.53800000000001,132663,0,21033511000
2023-02-10 00:00:00,131.541,131.88900000000001,129.80699999999999,131.423,158404,0,24431183000
2023-02-13 00:00:00,131.226,132.911,131.226,132.374,119317,0,21869526000
2023-02-14 00:00:00,132.34299999999999,133.31700000000001,131.505,133.03999999999999,168743,0,30043626000
2023-02-15 00:00:00,133.02099999999999,134.35900000000001,132.547,134.12,129663,0,20909258000
2023-02-16 00:00:00,134.066,134.46299999999999,133.60400000000001,133.869,128162,0,18130478000
2023-02-17 00:00:00,133.86699999999999,135.11000000000001,133.86600000000001,134.14500000000001,109949,0,15431392000
2023-02-20 00:00:00,134.20599999999999,134.53700000000001,133.923,134.18600000000001,78472,0,10177538000
2023-02-21 00:00:00,134.185,135.227,134.15199999999999,134.958,110581,0,14987058000
2023-02-22 00:00:00,134.95599999999999,135.06,134.36600000000001,134.87899999999999,120307,0,17169074000
2023-02-23 00:00:00,134.87899999999999,135.369,134.48699999999999,134.636,98416,0,14088792000
2023-02-24 00:00:00,134.63,136.52000000000001,134.06,136.48699999999999,132634,0,17963010000
2023-02-27 00:00:00,136.38,136.55699999999999,135.91499999999999,136.18899999999999,98231,0,13388416000
2023-02-28 00:00:00,136.18700000000001,136.91900000000001,135.738,136.142,92828,0,11766373000
2023-03-01 00:00:00,136.09100000000001,136.47200000000001,135.25800000000001,136.08500000000001,100470,0,12149541000
2023-03-02 00:00:00,136.14699999999999,137.09899999999999,136.01900000000001,136.691,106405,0,13481760000
2023-03-03 00:00:00,136.69,136.77000000000001,135.74700000000001,135.815,95363,0,12175012000
2023-03-06 00:00:00,135.958,136.19200000000001,135.36699999999999,135.88499999999999,96057,0,11857346000
2023-03-07 00:00:00,135.88800000000001,137.196,135.542,137.12,99775,0,12604918000
2023-03-08 00:00:00,137.12,137.91200000000001,136.47999999999999,137.322,98138,0,13582808000
2023-03-09 00:00:00,137.315,137.34200000000001,135.94300000000001,136.113,86753,0,11471638000
2023-03-10 00:00:00,136.06899999999999,136.995,134.114,135.03399999999999,154202,0,19439783000
2023-03-13 00:00:00,134.30500000000001,135.048,132.286,133.12200000000001,211796,0,25533754000
2023-03-14 00:00:00,133.10900000000001,134.90100000000001,133.024,134.15899999999999,156129,0,19292257000
2023-03-15 00:00:00,134.14599999999999,135.114,132.21700000000001,133.34,199051,0,24503164000
2023-03-16 00:00:00,133.339,133.82599999999999,131.71799999999999,133.696,184590,0,22046628000
2023-03-17 00:00:00,133.71899999999999,133.72200000000001,131.55500000000001,131.803,133536,0,15767905000
2023-03-20 00:00:00,131.72399999999999,132.65100000000001,130.53999999999999,131.292,162619,0,20023864000
2023-03-21 00:00:00,131.27799999999999,132.62799999999999,131.03299999999999,132.42699999999999,94362,0,11240160000
2023-03-22 00:00:00,132.376,133.00200000000001,130.999,131.33099999999999,114654,0,15977564000
2023-03-23 00:00:00,131.40700000000001,131.66300000000001,130.32400000000001,130.81999999999999,129531,0,16887665000
2023-03-24 00:00:00,130.751,130.94300000000001,129.64099999999999,130.71299999999999,123468,0,15070148000
2023-03-27 00:00:00,130.58600000000001,131.761,130.49199999999999,131.47499999999999,85142,0,10480592000
2023-03-28 00:00:00,131.46799999999999,131.553,130.40700000000001,130.78200000000001,85959,0,10842832000
2023-03-29 00:00:00,130.82900000000001,132.886,130.75200000000001,132.815,84930,0,10894586000
2023-03-30 00:00:00,132.756,132.96799999999999,132.202,132.58000000000001,81321,0,10399240000
2023-03-31 00:00:00,132.66,133.59399999999999,132.58099999999999,132.78800000000001,91905,0,12160844000
2023-04-03 00:00:00,133.31399999999999,133.75700000000001,132.203,132.35300000000001,88999,0,12067824000
2023-04-04 00:00:00,132.398,133.16900000000001,131.52199999999999,131.68000000000001,80471,0,10591256000
2023-04-05 00:00:00,131.62,131.845,130.62799999999999,131.24000000000001,85839,0,11284657000
2023-04-06 00:00:00,131.239,131.905,130.779,131.69900000000001,66615,0,8890716000
2023-04-07 00:00:00,131.74199999999999,132.37799999999999,131.50999999999999,132.126,56870,0,6393026000
2023-04-10 00:00:00,132.09200000000001,133.87100000000001,131.82300000000001,133.57400000000001,65017,0,7897138000
2023-04-11 00:00:00,133.56899999999999,133.80600000000001,132.97399999999999,133.679,65679,0,8687434000
2023-04-12 00:00:00,133.62899999999999,134.047,132.73599999999999,133.13200000000001,84531,0,11203910000
2023-04-13 00:00:00,133.08000000000001,133.392,132.02099999999999,132.541,74681,0,9998008000
2023-04-14 00:00:00,132.53999999999999,133.83799999999999,132.16999999999999,133.744,79949,0,10775598000
2023-04-17 00:00:00,133.73099999999999,134.57300000000001,133.71199999999999,134.45400000000001,62604,0,7984644000
2023-04-18 00:00:00,134.40899999999999,134.708,133.863,134.02799999999999,70199,0,10095424000
2023-04-19 00:00:00,134.02500000000001,135.13399999999999,133.95400000000001,134.66300000000001,68799,0,9264924000
2023-04-20 00:00:00,134.626,134.97399999999999,134.01300000000001,134.178,71208,0,9912716000
2023-04-21 00:00:00,134.178,134.49299999999999,133.55099999999999,134.11000000000001,71247,0,10213609000
2023-04-24 00:00:00,134.00700000000001,134.733,133.89400000000001,134.20500000000001,53979,0,7016167000
2023-04-25 00:00:00,134.203,134.47499999999999,133.36799999999999,133.66,72719,0,9919465000
2023-04-26 00:00:00,133.697,133.93799999999999,133.017,133.626,83191,0,10946918000
2023-04-27 00:00:00,133.631,134.196,133.19800000000001,133.953,72486,0,9647078000
2023-04-28 00:00:00,133.91399999999999,136.56100000000001,133.33000000000001,136.304,122348,0,16238036000
2023-05-01 00:00:00,136.191,137.53999999999999,136.108,137.44300000000001,67417,0,9063416000
2023-05-02 00:00:00,137.44,137.774,136.316,136.459,92414,0,12652734000
2023-05-03 00:00:00,136.45099999999999,136.595,134.66800000000001,134.72200000000001,97034,0,12875513000
2023-05-04 00:00:00,134.66900000000001,134.87799999999999,133.49700000000001,134.24799999999999,124505,0,17301541000
2023-05-05 00:00:00,134.24799999999999,135.125,133.88399999999999,134.822,74066,0,9428646000
2023-05-08 00:00:00,134.82400000000001,135.298,134.642,135.059,64743,0,9022546000
2023-05-09 00:00:00,135.00899999999999,135.358,134.72399999999999,135.20099999999999,74487,0,10647414000
2023-05-10 00:00:00,135.173,135.47,134.114,134.31,87714,0,12698226000
2023-05-11 00:00:00,134.25899999999999,134.845,133.745,134.52500000000001,92276,0,12275874000
2023-05-12 00:00:00,134.47399999999999,135.75399999999999,134.40299999999999,135.74600000000001,71059,0,10068084000
2023-05-15 00:00:00,135.60300000000001,136.327,135.60300000000001,136.08799999999999,66914,0,9145576000
2023-05-16 00:00:00,136.084,136.685,135.667,136.334,75355,0,11434984000
2023-05-17 00:00:00,136.32900000000001,137.709,136.30500000000001,137.654,70962,0,10158694000
2023-05-18 00:00:00,137.654,138.74799999999999,137.28800000000001,138.69,78090,0,11170016000
2023-05-19 00:00:00,138.69,138.70400000000001,137.42500000000001,137.93199999999999,84703,0,12156580000
2023-05-22 00:00:00,137.96299999999999,138.68600000000001,137.49299999999999,138.584,72832,0,10732530000
2023-05-23 00:00:00,138.56399999999999,138.911,138.24199999999999,138.56399999999999,88890,0,13670925000
2023-05-24 00:00:00,138.54900000000001,139.47300000000001,138.22999999999999,139.452,87011,0,14112268000
2023-05-25 00:00:00,139.31899999999999,140.22900000000001,138.81299999999999,140.04400000000001,94693,0,14514307000
2023-05-26 00:00:00,140.023,140.726,139.495,140.58600000000001,76836,0,11154835000
2023-05-29 00:00:00,140.55500000000001,140.92099999999999,140.11500000000001,140.435,58676,0,0
2023-05-30 00:00:00,140.34200000000001,140.93199999999999,139.57300000000001,139.78999999999999,107693,0,0
2023-05-31 00:00:00,139.75299999999999,140.37799999999999,139.23400000000001,139.33600000000001,98101,0,0
2023-06-01 00:00:00,139.321,139.94999999999999,138.434,138.79300000000001,80768,0,0
2023-06-02 00:00:00,138.755,140.06899999999999,138.607,139.928,73863,0,0
2023-06-05 00:00:00,139.95400000000001,140.453,139.25,139.577,72630,0,0
2023-06-06 00:00:00,139.53399999999999,139.994,139.095,139.63,71097,0,0
2023-06-07 00:00:00,139.631,140.249,139.02799999999999,140.155,73655,0,0
2023-06-08 00:00:00,140.08000000000001,140.226,138.81,138.92500000000001,77162,0,0
2023-06-09 00:00:00,138.87799999999999,139.72499999999999,138.761,139.35300000000001,74665,0,0
2023-06-12 00:00:00,139.34999999999999,139.77000000000001,139.06399999999999,139.59899999999999,67302,0,0
2023-06-13 00:00:00,139.583,140.30699999999999,139.012,140.21199999999999,80153,0,0
2023-06-14 00:00:00,140.173,140.27500000000001,139.28399999999999,140.09299999999999,80728,0,0
2023-06-15 00:00:00,140.03700000000001,141.50200000000001,139.94200000000001,140.25800000000001,95186,0,0
2023-06-16 00:00:00,140.28999999999999,141.91300000000001,139.85300000000001,141.80699999999999,91078,0,0
2023-06-19 00:00:00,141.69,142.00200000000001,141.441,141.97,53928,0,0
2023-06-20 00:00:00,141.93899999999999,142.255,141.214,141.43299999999999,80652,0,0
2023-06-21 00:00:00,141.416,142.36799999999999,141.28200000000001,141.869,83559,0,0
2023-06-22 00:00:00,141.77500000000001,143.22999999999999,141.61000000000001,143.11199999999999,78119,0,0
2023-06-23 00:00:00,143.02000000000001,143.874,142.65000000000001,143.71799999999999,128618,0,0
2023-06-26 00:00:00,143.488,143.71899999999999,142.935,143.49000000000001,116707,0,0
2023-06-27 00:00:00,143.46100000000001,144.17400000000001,143.285,144.06,110499,0,0
2023-06-28 00:00:00,144.05600000000001,144.61699999999999,143.73099999999999,144.48400000000001,119590,0,0
2023-06-29 00:00:00,144.43799999999999,144.90000000000001,144.13499999999999,144.774,123984,0,0
2023-06-30 00:00:00,144.71799999999999,145.07400000000001,144.20599999999999,144.274,121756,0,0
2023-07-03 00:00:00,144.35499999999999,144.91300000000001,143.98500000000001,144.65700000000001,97852,0,0
2023-07-04 00:00:00,144.66800000000001,144.70099999999999,144.20699999999999,144.446,58162,0,0
2023-07-05 00:00:00,144.39400000000001,144.73500000000001,144.08000000000001,144.643,92081,0,0
2023-07-06 00:00:00,144.58000000000001,144.654,143.55500000000001,144.05000000000001,127642,0,0
2023-07-07 00:00:00,144.01599999999999,144.20099999999999,142.072,142.09200000000001,122063,0,0
2023-07-10 00:00:00,142.14400000000001,143.006,141.27699999999999,141.29499999999999,108471,0,0
2023-07-11 00:00:00,141.339,141.46199999999999,140.15899999999999,140.357,90999,0,0
2023-07-12 00:00:00,140.357,140.36699999999999,138.15700000000001,138.49700000000001,109705,0,0
2023-07-13 00:00:00,138.41399999999999,138.95500000000001,137.922,138.03800000000001,108327,0,0
2023-07-14 00:00:00,138.03800000000001,139.15600000000001,137.24000000000001,138.744,108465,0,0
2023-07-17 00:00:00,138.69800000000001,139.41,137.999,138.71100000000001,83683,0,0
2023-07-18 00:00:00,138.708,139.13800000000001,137.67599999999999,138.828,111029,0,0
2023-07-19 00:00:00,138.786,139.99299999999999,138.76300000000001,139.65899999999999,102790,0,0
2023-07-20 00:00:00,139.55799999999999,140.49799999999999,139.11099999999999,140.072,99517,0,0
2023-07-21 00:00:00,140.07400000000001,141.95400000000001,139.74799999999999,141.81700000000001,101566,0,0
2023-07-24 00:00:00,141.55600000000001,141.81399999999999,140.74199999999999,141.47999999999999,95007,0,0
2023-07-25 00:00:00,141.42599999999999,141.73599999999999,140.85300000000001,140.893,79941,0,0
2023-07-26 00:00:00,140.87,141.18600000000001,139.92699999999999,140.233,102647,0,0
2023-07-27 00:00:00,140.15000000000001,141.322,138.76900000000001,139.458,140057,0,0
2023-07-28 00:00:00,139.41300000000001,141.178,138.06200000000001,141.15899999999999,174458,0,0
2023-07-31 00:00:00,140.90100000000001,142.691,140.69200000000001,142.26499999999999,122042,0,0
2023-08-01 00:00:00,142.24199999999999,143.54599999999999,142.20699999999999,143.333,102109,0,0
2023-08-02 00:00:00,143.31999999999999,143.477,142.23400000000001,143.32300000000001,120947,0,0
2023-08-03 00:00:00,143.321,143.88900000000001,142.065,142.523,132836,0,0
2023-08-04 00:00:00,142.51499999999999,142.88300000000001,141.55199999999999,141.733,108429,0,0
2023-08-07 00:00:00,141.65000000000001,142.58199999999999,141.511,142.47499999999999,77604,0,0
2023-08-08 00:00:00,142.46799999999999,143.49299999999999,142.40000000000001,143.375,100245,0,0
2023-08-09 00:00:00,143.36500000000001,143.74799999999999,143,143.71600000000001,80900,0,0
2023-08-10 00:00:00,143.67099999999999,144.81700000000001,143.27199999999999,144.74199999999999,86381,0,0
2023-08-11 00:00:00,144.68799999999999,145.00399999999999,144.37899999999999,144.952,68480,0,0
2023-08-14 00:00:00,144.93799999999999,145.578,144.65299999999999,145.55600000000001,73149,0,0
2023-08-15 00:00:00,145.541,145.86600000000001,145.107,145.566,84455,0,0
2023-08-16 00:00:00,145.536,146.40600000000001,145.30600000000001,146.346,81354,0,0
2023-08-17 00:00:00,146.27199999999999,146.559,145.61799999999999,145.81800000000001,70802,0,0
2023-08-18 00:00:00,145.82599999999999,145.86799999999999,144.928,145.38499999999999,77705,0,0
2023-08-21 00:00:00,145.292,146.40299999999999,145.14599999999999,146.21700000000001,72116,0,0
2023-08-22 00:00:00,146.172,146.399,145.49600000000001,145.881,70713,0,0
2023-08-23 00:00:00,145.81899999999999,145.87799999999999,144.541,144.845,84036,0,0
2023-08-24 00:00:00,144.792,145.959,144.601,145.82300000000001,81048,0,0
2023-08-25 00:00:00,145.83000000000001,146.63300000000001,145.726,146.40199999999999,84062,0,0
2023-08-28 00:00:00,146.40100000000001,146.74700000000001,146.274,146.53399999999999,60198,0,0
2023-08-29 00:00:00,146.50899999999999,147.37700000000001,145.66900000000001,145.85499999999999,78626,0,0
2023-08-30 00:00:00,145.88,146.53700000000001,145.55699999999999,146.238,84126,0,0
2023-08-31 00:00:00,146.16200000000001,146.227,145.34800000000001,145.535,78236,0,0
2023-09-01 00:00:00,145.47499999999999,146.29499999999999,144.44300000000001,146.18799999999999,80590,0,0
2023-09-04 00:00:00,146.11799999999999,146.49700000000001,146.024,146.458,41707,0,0
2023-09-05 00:00:00,146.358,147.803,146.358,147.71899999999999,71912,0,0
2023-09-06 00:00:00,147.63900000000001,147.81999999999999,147.018,147.60900000000001,75189,0,0
2023-09-07 00:00:00,147.60900000000001,147.87299999999999,147.04300000000001,147.291,67110,0,0
2023-09-08 00:00:00,147.23099999999999,147.87200000000001,146.58799999999999,147.797,76066,0,0
2023-09-11 00:00:00,146.971,147.27199999999999,145.90100000000001,146.583,105443,0,0
2023-09-12 00:00:00,146.53100000000001,147.23400000000001,146.435,147.06899999999999,81398,0,0
2023-09-13 00:00:00,147.05199999999999,147.75800000000001,147.01499999999999,147.44999999999999,91442,0,0
2023-09-14 00:00:00,147.352,147.56399999999999,147.018,147.46600000000001,81432,0,0
2023-09-15 00:00:00,147.46600000000001,147.952,147.33799999999999,147.83699999999999,78191,0,0
2023-09-18 00:00:00,147.70400000000001,147.87899999999999,147.559,147.60400000000001,48082,0,0
2023-09-19 00:00:00,147.619,147.92400000000001,147.50800000000001,147.84299999999999,62489,0,0
2023-09-20 00:00:00,147.80799999999999,148.36199999999999,147.476,148.33799999999999,80048,0,0
2023-09-21 00:00:00,148.19300000000001,148.464,147.32300000000001,147.571,81626,0,0
2023-09-22 00:00:00,147.51900000000001,148.416,147.50899999999999,148.374,82735,0,0
2023-09-25 00:00:00,148.255,148.96299999999999,148.21700000000001,148.87100000000001,65726,0,0
2023-09-26 00:00:00,148.84999999999999,149.18700000000001,148.70400000000001,149.059,77345,0,0
2023-09-27 00:00:00,149.05500000000001,149.709,148.864,149.63499999999999,81806,0,0
2023-09-28 00:00:00,149.48400000000001,149.571,149.14699999999999,149.30000000000001,89005,0,0
2023-09-29 00:00:00,149.22499999999999,149.50899999999999,148.53,149.32400000000001,91578,0,0
2023-10-02 00:00:00,149.596,149.87899999999999,149.39099999999999,149.852,79485,0,0
2023-10-03 00:00:00,149.839,150.15899999999999,147.24000000000001,149.018,91106,0,0
2023-10-04 00:00:00,148.95699999999999,149.31800000000001,148.73500000000001,149.12100000000001,104859,0,0
2023-10-05 00:00:00,149.12100000000001,149.12100000000001,148.261,148.50399999999999,107507,0,0
2023-10-06 00:00:00,148.37799999999999,149.53700000000001,148.36000000000001,149.24600000000001,100655,0,0
2023-10-09 00:00:00,149.053,149.24299999999999,148.434,148.50399999999999,77969,0,0
2023-10-10 00:00:00,148.46600000000001,149.09800000000001,148.16300000000001,148.71000000000001,103273,0,0
2023-10-11 00:00:00,148.66399999999999,149.32599999999999,148.42400000000001,149.16200000000001,99202,0,0
2023-10-12 00:00:00,149.11000000000001,149.82900000000001,148.95599999999999,149.803,94223,0,0
2023-10-13 00:00:00,149.77000000000001,149.828,149.45500000000001,149.53999999999999,88994,0,0
2023-10-16 00:00:00,149.34299999999999,149.76300000000001,149.31299999999999,149.50800000000001,71596,0,0
2023-10-17 00:00:00,149.518,149.851,148.74199999999999,149.79300000000001,79955,0,0
2023-10-18 00:00:00,149.779,149.93799999999999,149.48400000000001,149.91800000000001,75951,0,0
2023-10-19 00:00:00,149.86799999999999,149.965,149.666,149.786,90376,0,0
2023-10-20 00:00:00,149.76400000000001,149.994,149.62899999999999,149.833,73116,0,0
2023-10-23 00:00:00,149.852,149.99199999999999,149.55600000000001,149.69800000000001,63014,0,0
2023-10-24 00:00:00,149.64500000000001,149.929,149.322,149.898,75979,0,0
2023-10-25 00:00:00,149.85499999999999,150.31800000000001,149.79499999999999,150.21000000000001,61715,0,0
2023-10-26 00:00:00,150.16800000000001,150.77699999999999,149.821,150.34999999999999,90433,0,0
2023-10-27 00:00:00,150.37200000000001,150.41399999999999,149.46100000000001,149.66800000000001,77959,0,0
2023-10-30 00:00:00,149.52799999999999,149.85599999999999,148.80500000000001,149.05799999999999,70313,0,0
2023-10-31 00:00:00,149.04300000000001,151.71600000000001,149.017,151.66900000000001,103312,0,0
2023-11-01 00:00:00,151.58600000000001,151.673,150.66200000000001,150.94800000000001,95803,0,0
2023-11-02 00:00:00,150.94800000000001,150.94800000000001,149.84700000000001,150.45599999999999,92708,0,0
2023-11-03 00:00:00,150.422,150.52099999999999,149.19399999999999,149.34,84749,0,0
2023-11-06 00:00:00,149.31999999999999,150.08099999999999,149.286,150.06899999999999,76620,0,0
2023-11-07 00:00:00,150.02600000000001,150.69399999999999,149.92500000000001,150.32900000000001,77181,0,0
2023-11-08 00:00:00,150.30600000000001,151.059,150.297,150.96899999999999,78533,0,0
2023-11-09 00:00:00,150.85900000000001,151.387,150.77000000000001,151.34200000000001,88876,0,0
2023-11-10 00:00:00,151.27699999999999,151.60499999999999,151.22200000000001,151.489,71910,0,0
2023-11-13 00:00:00,151.428,151.90799999999999,151.203,151.71799999999999,66033,0,0
2023-11-14 00:00:00,151.703,151.791,150.155,150.36699999999999,82851,0,0
2023-11-15 00:00:00,150.27600000000001,151.42099999999999,150.042,151.37899999999999,92792,0,0
2023-11-16 00:00:00,151.30500000000001,151.43100000000001,150.286,150.72200000000001,83883,0,0
2023-11-17 00:00:00,150.59100000000001,150.77699999999999,149.19800000000001,149.589,98077,0,0
2023-11-20 00:00:00,149.63800000000001,149.988,148.101,148.38,113258,0,0
2023-11-21 00:00:00,148.33000000000001,148.59800000000001,147.15000000000001,148.38800000000001,116480,0,0
2023-11-22 00:00:00,148.31999999999999,149.75,148.01900000000001,149.535,109897,0,0
2023-11-23 00:00:00,149.535,149.68899999999999,148.88900000000001,149.53999999999999,65876,0,0
2023-11-24 00:00:00,149.49100000000001,149.71100000000001,149.19800000000001,149.41,72507,0,0
2023-11-27 00:00:00,149.39400000000001,149.67500000000001,148.54300000000001,148.685,106500,0,0
2023-11-28 00:00:00,148.62299999999999,148.83000000000001,147.322,147.459,123403,0,0
2023-11-29 00:00:00,147.459,147.90700000000001,146.66999999999999,147.232,140836,0,0
2023-11-30 00:00:00,147.15000000000001,148.51499999999999,146.84200000000001,148.17599999999999,133573,0,0
2023-12-01 00:00:00,148.14599999999999,148.34700000000001,146.661,146.78399999999999,132400,0,0
2023-12-04 00:00:00,146.661,147.452,146.22499999999999,147.20599999999999,138533,0,0
2023-12-05 00:00:00,147.12799999999999,147.392,146.55799999999999,147.14400000000001,129032,0,0
2023-12-06 00:00:00,147.14400000000001,147.501,146.89599999999999,147.303,110297,0,0
2023-12-07 00:00:00,147.178,147.298,141.607,144.13300000000001,175064,0,0
2023-12-08 00:00:00,144.06999999999999,145.22200000000001,142.49799999999999,144.91900000000001,181020,0,0
2023-12-11 00:00:00,144.88200000000001,146.589,144.81,146.14500000000001,137941,0,0
2023-12-12 00:00:00,146.078,146.179,144.73099999999999,145.441,127144,0,0
2023-12-13 00:00:00,145.45099999999999,145.99600000000001,142.63800000000001,142.87200000000001,150070,0,0
2023-12-14 00:00:00,142.78100000000001,142.90700000000001,140.94900000000001,141.88999999999999,207727,0,0
2023-12-15 00:00:00,141.84100000000001,142.46700000000001,141.428,142.125,161879,0,0
2023-12-18 00:00:00,142.041,143.15899999999999,142.00999999999999,142.79400000000001,115766,0,0
2023-12-19 00:00:00,142.708,144.95599999999999,142.24600000000001,143.83000000000001,140371,0,0
2023-12-20 00:00:00,143.77000000000001,144.09899999999999,143.261,143.54300000000001,126503,0,0
2023-12-21 00:00:00,143.458,143.56999999999999,142.04400000000001,142.11600000000001,134168,0,0
2023-12-22 00:00:00,142.06399999999999,142.66300000000001,141.863,142.41300000000001,116630,0,0
2023-12-26 00:00:00,142.27500000000001,142.636,142.089,142.38800000000001,55917,0,0
2023-12-27 00:00:00,142.32400000000001,142.84800000000001,141.55000000000001,141.83099999999999,92553,0,0
2023-12-28 00:00:00,141.721,141.72999999999999,140.251,141.40799999999999,108929,0,0
2023-12-29 00:00:00,141.38800000000001,141.917,140.79499999999999,140.98099999999999,105278,0,0
2024-01-02 00:00:00,140.84100000000001,142.215,140.84100000000001,141.98500000000001,116119,0,0
2024-01-03 00:00:00,141.84800000000001,143.733,141.77099999999999,143.285,134923,0,0
2024-01-04 00:00:00,143.15799999999999,144.851,142.85300000000001,144.631,131600,0,0
2024-01-05 00:00:00,144.53100000000001,145.98099999999999,143.87299999999999,144.584,136096,0,0
2024-01-08 00:00:00,144.541,144.922,143.661,144.22399999999999,120585,0,0
2024-01-09 00:00:00,144.15600000000001,144.626,143.423,144.46700000000001,128168,0,0
2024-01-10 00:00:00,144.40799999999999,145.834,144.316,145.755,111890,0,0
2024-01-11 00:00:00,145.64099999999999,146.416,144.99600000000001,145.274,142979,0,0
2024-01-12 00:00:00,145.209,145.56700000000001,144.37700000000001,144.90899999999999,125086,0,0
2024-01-15 00:00:00,144.90799999999999,145.941,144.83699999999999,145.69999999999999,83946,0,0
2024-01-16 00:00:00,145.66800000000001,147.31399999999999,145.58600000000001,147.18299999999999,143132,0,0
2024-01-17 00:00:00,147.16999999999999,148.524,147.04599999999999,148.143,140128,0,0
2024-01-18 00:00:00,148.083,148.30199999999999,147.65600000000001,148.15600000000001,130063,0,0
2024-01-19 00:00:00,148.05500000000001,148.80500000000001,147.84,148.13900000000001,121078,0,0
2024-01-22 00:00:00,148.22800000000001,148.30500000000001,147.61799999999999,148.084,156338,0,0
2024-01-23 00:00:00,147.91900000000001,148.697,146.97800000000001,148.35900000000001,183078,0,0
2024-01-24 00:00:00,148.30600000000001,148.387,146.65199999999999,147.505,182378,0,0
2024-01-25 00:00:00,147.37200000000001,147.95099999999999,147.083,147.64099999999999,187966,0,0
2024-01-26 00:00:00,147.577,148.209,147.38499999999999,148.14099999999999,162613,0,0
2024-01-29 00:00:00,148.083,148.33600000000001,147.25399999999999,147.48099999999999,142520,0,0
2024-01-30 00:00:00,147.37700000000001,147.93000000000001,147.096,147.59700000000001,156656,0,0
2024-01-31 00:00:00,147.53999999999999,147.899,146.00999999999999,146.94900000000001,257193,0,0
2024-02-01 00:00:00,146.845,147.11699999999999,145.89699999999999,146.39099999999999,242415,0,0
2024-02-02 00:00:00,146.31800000000001,148.58600000000001,146.24100000000001,148.339,184887,0,0
2024-02-05 00:00:00,148.36000000000001,148.89400000000001,148.26599999999999,148.66800000000001,168047,0,0
2024-02-06 00:00:00,148.62,148.78800000000001,147.81999999999999,147.92699999999999,166736,0,0
2024-02-07 00:00:00,147.90700000000001,148.25899999999999,147.62200000000001,148.166,167943,0,0
2024-02-08 00:00:00,148.08799999999999,149.47900000000001,147.93000000000001,149.304,169048,0,0
2024-02-09 00:00:00,149.28800000000001,149.57599999999999,149.005,149.251,158986,0,0
2024-02-12 00:00:00,149.28299999999999,149.47900000000001,148.928,149.33799999999999,123094,0,0
2024-02-13 00:00:00,149.30799999999999,150.88499999999999,149.17599999999999,150.75800000000001,158932,0,0
2024-02-14 00:00:00,150.768,150.78,150.34399999999999,150.59,153588,0,0
2024-02-15 00:00:00,150.51499999999999,150.56700000000001,149.51900000000001,149.91999999999999,161371,0,0
2024-02-16 00:00:00,149.88,150.64599999999999,149.82599999999999,150.19300000000001,149325,0,0
2024-02-19 00:00:00,150.08000000000001,150.21600000000001,149.874,150.09700000000001,93396,0,0
2024-02-20 00:00:00,150.077,150.44200000000001,149.685,149.99700000000001,151470,0,0
2024-02-21 00:00:00,149.893,150.392,149.852,150.28700000000001,145518,0,0
2024-02-22 00:00:00,150.28,150.68899999999999,150.017,150.523,178034,0,0
2024-02-23 00:00:00,150.51300000000001,150.77000000000001,150.291,150.48699999999999,135009,0,0
2024-02-26 00:00:00,150.45500000000001,150.84,150.29300000000001,150.69800000000001,141512,0,0
2024-02-27 00:00:00,150.63999999999999,150.70500000000001,150.072,150.49600000000001,135813,0,0
2024-02-28 00:00:00,150.44999999999999,150.846,150.37299999999999,150.67400000000001,146148,0,0
2024-02-29 00:00:00,150.65600000000001,150.66200000000001,149.208,149.96700000000001,195593,0,0
2024-03-01 00:00:00,149.92500000000001,150.72200000000001,149.91499999999999,150.101,182854,0,0
2024-03-04 00:00:00,149.96199999999999,150.56899999999999,149.839,150.52000000000001,112052,0,0
2024-03-05 00:00:00,150.48500000000001,150.54599999999999,149.70500000000001,150.03899999999999,145400,0,0
2024-03-06 00:00:00,150.00800000000001,150.08699999999999,149.09200000000001,149.392,153830,0,0
2024-03-07 00:00:00,149.31,149.36500000000001,147.58099999999999,148.04499999999999,201869,0,0
2024-03-08 00:00:00,147.99799999999999,148.119,146.47900000000001,147.054,194171,0,0
2024-03-11 00:00:00,147.02600000000001,147.148,146.48400000000001,146.94300000000001,131240,0,0
2024-03-12 00:00:00,146.84299999999999,148.16399999999999,146.62100000000001,147.65199999999999,156328,0,0
2024-03-13 00:00:00,147.63999999999999,148.048,147.233,147.74199999999999,137038,0,0
2024-03-14 00:00:00,147.726,148.358,147.43100000000001,148.28999999999999,154351,0,0
2024-03-15 00:00:00,148.30099999999999,149.166,148.03299999999999,149.024,127914,0,0
2024-03-18 00:00:00,148.95400000000001,149.334,148.91,149.148,116181,0,0
2024-03-19 00:00:00,149.09,150.964,148.99000000000001,150.85599999999999,142130,0,0
2024-03-20 00:00:00,150.809,151.81899999999999,150.71799999999999,151.25200000000001,151231,0,0
2024-03-21 00:00:00,151.25999999999999,151.756,150.26400000000001,151.61699999999999,171686,0,0
2024-03-22 00:00:00,151.60900000000001,151.863,151.00299999999999,151.42400000000001,146536,0,0
2024-03-25 00:00:00,151.31,151.54499999999999,151.053,151.41,102904,0,0
2024-03-26 00:00:00,151.40299999999999,151.602,151.20500000000001,151.55000000000001,102246,0,0
2024-03-27 00:00:00,151.511,151.971,151.02600000000001,151.31999999999999,120584,0,0
2024-03-28 00:00:00,151.28200000000001,151.54499999999999,151.149,151.36699999999999,109220,0,0
2024-03-29 00:00:00,151.35599999999999,151.50200000000001,151.172,151.30500000000001,73079,0,0
2024-04-01 00:00:00,151.261,151.774,151.22399999999999,151.63999999999999,88026,0,0
2024-04-02 00:00:00,151.62799999999999,151.80199999999999,151.46100000000001,151.55099999999999,110614,0,0
2024-04-03 00:00:00,151.529,151.95400000000001,151.44200000000001,151.68299999999999,91249,0,0
2024-04-04 00:00:00,151.62899999999999,151.768,151.12,151.333,98373,0,0
2024-04-05 00:00:00,151.29599999999999,151.751,150.809,151.61500000000001,117273,0,0
2024-04-08 00:00:00,151.57499999999999,151.94200000000001,151.54300000000001,151.83199999999999,89729,0,0
2024-04-09 00:00:00,151.768,151.93700000000001,151.56800000000001,151.779,90458,0,0
2024-04-10 00:00:00,151.697,153.24299999999999,151.68100000000001,153.13900000000001,110624,0,0
2024-04-11 00:00:00,153.08600000000001,153.31800000000001,152.75800000000001,153.262,134030,0,0
2024-04-12 00:00:00,153.21600000000001,153.38399999999999,152.59100000000001,153.24100000000001,127772,0,0
2024-04-15 00:00:00,153.012,154.447,152.93799999999999,154.267,146638,0,0
2024-04-16 00:00:00,154.267,154.78800000000001,153.892,154.69399999999999,142963,0,0
2024-04-17 00:00:00,154.69399999999999,154.733,154.15799999999999,154.37799999999999,119519,0,0
2024-04-18 00:00:00,154.37799999999999,154.41,153.94900000000001,154.28200000000001,31617,1,0
2024-04-22 00:00:00,154.554,154.852,154.422,154.84100000000001,94212,0,0
2024-04-23 00:00:00,154.84100000000001,154.874,154.55199999999999,154.82599999999999,105796,0,0
2024-04-24 00:00:00,154.827,155.375,154.72999999999999,155.34100000000001,94780,0,0
2024-04-25 00:00:00,155.31800000000001,155.74799999999999,155.196,155.64699999999999,122602,0,0
2024-04-26 00:00:00,155.64699999999999,158.441,154.96299999999999,158.34200000000001,142024,0,0
2024-04-29 00:00:00,157.82499999999999,160.197,154.50999999999999,156.333,232002,0,0
2024-04-30 00:00:00,156.333,157.845,156.05600000000001,157.79599999999999,114244,0,0
2024-05-01 00:00:00,157.798,157.989,153.00999999999999,154.59700000000001,124908,0,0
2024-05-02 00:00:00,154.58000000000001,156.285,153.05600000000001,153.62899999999999,182944,0,0
2024-05-03 00:00:00,153.667,153.77099999999999,151.857,152.96899999999999,148637,0,0
2024-05-06 00:00:00,152.88300000000001,154.006,152.76599999999999,153.87700000000001,90325,0,0
2024-05-07 00:00:00,153.87700000000001,154.74799999999999,153.85400000000001,154.68700000000001,92769,0,0
2024-05-08 00:00:00,154.68700000000001,155.68100000000001,154.53899999999999,155.49199999999999,84567,0,0
2024-05-09 00:00:00,155.488,155.953,155.15299999999999,155.44999999999999,84317,0,0
2024-05-10 00:00:00,155.47999999999999,155.90199999999999,155.26499999999999,155.761,76055,0,0
2024-05-13 00:00:00,155.66499999999999,156.251,155.50299999999999,156.19399999999999,76864,0,0
2024-05-14 00:00:00,156.18199999999999,156.77799999999999,156.12899999999999,156.41200000000001,76723,0,0
2024-05-15 00:00:00,156.41200000000001,156.56,154.69200000000001,154.86799999999999,123329,0,0
2024-05-16 00:00:00,154.858,155.53700000000001,153.595,155.38300000000001,138219,0,0
2024-05-17 00:00:00,155.37799999999999,155.97800000000001,155.24799999999999,155.607,86893,0,0
2024-05-20 00:00:00,155.601,156.304,155.495,156.233,77444,0,0
2024-05-21 00:00:00,156.23099999999999,156.547,155.84299999999999,156.14400000000001,92047,0,0
2024-05-22 00:00:00,156.14400000000001,156.845,156.10300000000001,156.77600000000001,84905,0,0
2024-05-23 00:00:00,156.73500000000001,157.19499999999999,156.517,156.898,103569,0,0
2024-05-24 00:00:00,156.893,157.14500000000001,156.822,156.99700000000001,73620,0,0
2024-05-27 00:00:00,156.91499999999999,156.99799999999999,156.66200000000001,156.87899999999999,47989,0,0
2024-05-28 00:00:00,156.87899999999999,157.19999999999999,156.58000000000001,157.16499999999999,77452,0,0
2024-05-29 00:00:00,157.124,157.709,156.89599999999999,157.62100000000001,83306,0,0
2024-05-30 00:00:00,157.62100000000001,157.672,156.37,156.77699999999999,112526,0,0
2024-05-31 00:00:00,156.755,157.364,156.559,157.22900000000001,123121,0,0
2024-06-03 00:00:00,157.15299999999999,157.47300000000001,155.94900000000001,156.02799999999999,112709,0,0
2024-06-04 00:00:00,156.02699999999999,156.48599999999999,154.53299999999999,154.84800000000001,157099,0,0
2024-06-05 00:00:00,154.833,156.482,154.773,156.07900000000001,125690,0,0
2024-06-06 00:00:00,156.06800000000001,156.447,155.34899999999999,155.59399999999999,121804,0,0
2024-06-07 00:00:00,155.53899999999999,157.07400000000001,155.11799999999999,156.76300000000001,131623,0,0
2024-06-10 00:00:00,156.696,157.19300000000001,156.59100000000001,157.00299999999999,91638,0,0
2024-06-11 00:00:00,156.988,157.40199999999999,156.80500000000001,157.10599999999999,84041,0,0
2024-06-12 00:00:00,157.10599999999999,157.37100000000001,155.71899999999999,156.708,129139,0,0
2024-06-13 00:00:00,156.672,157.31100000000001,156.54599999999999,156.97800000000001,111124,0,0
2024-06-14 00:00:00,156.982,158.25800000000001,156.78899999999999,157.36699999999999,156550,0,0
2024-06-17 00:00:00,157.34,157.96000000000001,157.15600000000001,157.72,88042,0,0
2024-06-18 00:00:00,157.709,158.22999999999999,157.51599999999999,157.851,91688,0,0
2024-06-19 00:00:00,157.83500000000001,158.13499999999999,157.60400000000001,158.078,45594,0,0
2024-06-20 00:00:00,158.06999999999999,158.946,157.80500000000001,158.916,72839,0,0
2024-06-21 00:00:00,158.89099999999999,159.833,158.667,159.792,82974,0,0
2024-06-24 00:00:00,159.74000000000001,159.92599999999999,158.733,159.57900000000001,93036,0,0
2024-06-25 00:00:00,159.56299999999999,159.75700000000001,159.184,159.64400000000001,84740,0,0
2024-06-26 00:00:00,159.64400000000001,160.87100000000001,159.60900000000001,160.792,94907,0,0
2024-06-27 00:00:00,160.792,160.82400000000001,160.279,160.74199999999999,86180,0,0
2024-06-28 00:00:00,160.74199999999999,161.28100000000001,160.26300000000001,160.83500000000001,122637,0,0
2024-07-01 00:00:00,160.733,161.72900000000001,160.71899999999999,161.43899999999999,96871,0,0
2024-07-02 00:00:00,161.43899999999999,161.74600000000001,161.267,161.41,73446,0,0
2024-07-03 00:00:00,161.41,161.95099999999999,160.768,161.649,94762,0,0
2024-07-04 00:00:00,161.649,161.673,160.946,161.233,63656,0,0
2024-07-05 00:00:00,161.233,161.39599999999999,160.33000000000001,160.74799999999999,123461,0,0
2024-07-08 00:00:00,160.732,161.11699999999999,160.25899999999999,160.80699999999999,97624,0,0
2024-07-09 00:00:00,160.80699999999999,161.52000000000001,160.73099999999999,161.28399999999999,85853,0,0
2024-07-10 00:00:00,161.28399999999999,161.80799999999999,161.25700000000001,161.67400000000001,66647,0,0
2024-07-11 00:00:00,161.67400000000001,161.75899999999999,157.42599999999999,158.809,138535,0,0
2024-07-12 00:00:00,158.809,159.44900000000001,157.35900000000001,157.87799999999999,190320,0,0
2024-07-15 00:00:00,158.08099999999999,158.423,157.15799999999999,158.05600000000001,112857,0,0
2024-07-16 00:00:00,158.05600000000001,158.85499999999999,157.97,158.32900000000001,99412,0,0
2024-07-17 00:00:00,158.327,158.625,156.05699999999999,156.17099999999999,184604,0,0
2024-07-18 00:00:00,156.17099999999999,157.40199999999999,155.36500000000001,157.36699999999999,198667,0,0
2024-07-19 00:00:00,157.352,157.863,156.95500000000001,157.45699999999999,151085,0,0
2024-07-22 00:00:00,157.39500000000001,157.61199999999999,156.28200000000001,156.982,156251,0,0
2024-07-23 00:00:00,156.982,157.09899999999999,155.53299999999999,155.548,169290,0,0
2024-07-24 00:00:00,155.548,155.99199999999999,153.108,153.85400000000001,227746,0,0
2024-07-25 00:00:00,153.84999999999999,154.31899999999999,151.93700000000001,153.93199999999999,281602,0,0
2024-07-26 00:00:00,153.93199999999999,154.73699999999999,153.089,153.733,220678,0,0
2024-07-29 00:00:00,153.655,154.352,153.012,154.011,218987,0,0
2024-07-30 00:00:00,154.012,155.21899999999999,152.64599999999999,152.71700000000001,226794,0,0
2024-07-31 00:00:00,152.739,153.90199999999999,149.60499999999999,149.96600000000001,381141,0,0
2024-08-01 00:00:00,149.96600000000001,150.892,148.50999999999999,149.34299999999999,327760,0,0
2024-08-02 00:00:00,149.34299999999999,149.77799999999999,146.416,146.48599999999999,368998,0,0
2024-08-05 00:00:00,146.523,146.59399999999999,141.67599999999999,144.17099999999999,458282,0,0
2024-08-06 00:00:00,144.17099999999999,146.375,143.624,144.273,406638,0,0
2024-08-07 00:00:00,144.27500000000001,147.904,144.25399999999999,146.661,357542,0,0
2024-08-08 00:00:00,146.661,147.54499999999999,145.43199999999999,147.19999999999999,369110,0,0
2024-08-09 00:00:00,147.19999999999999,147.816,146.26499999999999,146.59200000000001,291195,0,0
2024-08-12 00:00:00,146.648,148.22300000000001,146.62700000000001,147.18799999999999,224185,0,0
2024-08-13 00:00:00,147.18799999999999,147.94800000000001,146.59399999999999,146.827,237256,0,0
2024-08-14 00:00:00,146.827,147.58500000000001,146.06999999999999,147.32400000000001,246622,0,0
2024-08-15 00:00:00,147.32400000000001,149.392,147.053,149.267,196015,0,0
2024-08-16 00:00:00,149.267,149.34100000000001,147.56299999999999,147.59800000000001,195254,0,0
2024-08-19 00:00:00,147.559,148.054,145.18600000000001,146.548,261346,0,0
2024-08-20 00:00:00,146.548,147.345,145.197,145.24600000000001,250493,0,0
2024-08-21 00:00:00,145.24600000000001,146.90799999999999,144.45400000000001,145.167,288710,0,0
2024-08-22 00:00:00,145.14599999999999,146.52699999999999,144.846,146.279,219993,0,0
2024-08-23 00:00:00,146.279,146.482,144.04599999999999,144.364,253219,0,0
2024-08-26 00:00:00,144.24299999999999,144.65199999999999,143.44499999999999,144.51300000000001,221892,0,0
2024-08-27 00:00:00,144.51300000000001,145.17699999999999,143.91499999999999,143.92599999999999,193455,0,0
2024-08-28 00:00:00,143.92599999999999,145.041,143.68199999999999,144.57400000000001,199091,0,0
2024-08-29 00:00:00,144.57400000000001,145.55500000000001,144.21799999999999,144.97900000000001,244554,0,0
2024-08-30 00:00:00,144.97900000000001,146.24799999999999,144.648,146.15899999999999,185666,0,0
2024-09-02 00:00:00,146.03299999999999,147.178,145.77199999999999,146.881,134252,0,0
2024-09-03 00:00:00,146.881,147.209,145.113,145.46799999999999,243793,0,0
2024-09-04 00:00:00,145.46799999999999,145.559,143.70699999999999,143.727,256117,0,0
2024-09-05 00:00:00,143.727,144.22999999999999,142.84700000000001,143.434,259295,0,0
2024-09-06 00:00:00,143.44,144.04599999999999,141.76300000000001,142.26599999999999,314221,0,0
2024-09-09 00:00:00,142.25700000000001,143.798,141.94900000000001,143.166,241654,0,0
2024-09-10 00:00:00,143.166,143.71000000000001,142.19,142.42599999999999,214034,0,0
2024-09-11 00:00:00,142.43100000000001,142.547,140.70699999999999,142.35400000000001,310106,0,0
2024-09-12 00:00:00,142.35400000000001,143.04300000000001,141.727,141.80500000000001,290405,0,0
2024-09-13 00:00:00,141.80500000000001,141.876,140.27799999999999,140.797,259739,0,0
2024-09-16 00:00:00,140.81700000000001,140.91300000000001,139.578,140.60599999999999,220496,0,0
2024-09-17 00:00:00,140.60599999999999,142.464,140.31999999999999,142.399,235813,0,0
2024-09-18 00:00:00,142.399,142.715,140.43799999999999,142.26599999999999,259733,0,0
2024-09-19 00:00:00,142.26499999999999,143.947,141.88300000000001,142.61799999999999,313760,0,0
2024-09-20 00:00:00,142.61799999999999,144.49600000000001,141.73699999999999,143.875,298810,0,0
2024-09-23 00:00:00,143.93000000000001,144.46000000000001,143.16499999999999,143.58699999999999,243270,0,0
2024-09-24 00:00:00,143.58500000000001,144.68100000000001,143.11000000000001,143.21299999999999,233217,0,0
2024-09-25 00:00:00,143.21199999999999,144.84299999999999,142.88999999999999,144.745,214997,0,0
2024-09-26 00:00:00,144.74600000000001,145.21299999999999,144.108,144.80699999999999,222764,0,0
2024-09-27 00:00:00,144.80699999999999,146.495,142.06800000000001,142.16499999999999,296861,0,0
2024-09-30 00:00:00,142.22300000000001,143.91499999999999,141.643,143.624,263194,0,0
2024-10-01 00:00:00,143.624,144.52799999999999,142.96899999999999,143.553,285803,0,0
2024-10-02 00:00:00,143.55799999999999,146.51499999999999,143.423,146.45400000000001,230040,0,0
2024-10-03 00:00:00,146.45400000000001,147.24000000000001,146.273,146.922,241748,0,0
2024-10-04 00:00:00,146.922,149.00399999999999,145.916,148.661,227111,0,0
2024-10-07 00:00:00,148.655,149.13399999999999,147.84200000000001,148.178,238782,0,0
2024-10-08 00:00:00,148.178,148.37799999999999,147.34399999999999,148.18899999999999,221209,0,0
2024-10-09 00:00:00,148.18899999999999,149.36199999999999,148.00999999999999,149.29400000000001,152609,0,0
2024-10-10 00:00:00,149.29400000000001,149.56899999999999,148.23599999999999,148.55600000000001,207307,0,0
2024-10-11 00:00:00,148.55600000000001,149.286,148.40100000000001,149.11799999999999,135031,0,0
2024-10-14 00:00:00,148.99100000000001,149.98099999999999,148.99100000000001,149.74799999999999,91418,0,0
2024-10-15 00:00:00,149.744,149.83600000000001,148.846,149.19200000000001,150256,0,0
2024-10-16 00:00:00,149.19200000000001,149.80799999999999,148.86600000000001,149.631,133438,0,0
2024-10-17 00:00:00,149.631,150.321,149.24000000000001,150.19800000000001,141751,0,0
2024-10-18 00:00:00,150.19800000000001,150.285,149.364,149.49700000000001,119809,0,0
2024-10-21 00:00:00,149.452,150.88499999999999,149.08699999999999,150.83000000000001,131355,0,0
2024-10-22 00:00:00,150.83000000000001,151.196,150.49299999999999,151.06800000000001,149477,0,0
2024-10-23 00:00:00,151.06800000000001,153.18600000000001,150.97900000000001,152.75,169166,0,0
2024-10-24 00:00:00,152.75,152.834,151.55199999999999,151.81999999999999,170766,0,0
2024-10-25 00:00:00,151.81999999999999,152.37799999999999,151.44900000000001,152.268,153103,0,0
2024-10-28 00:00:00,153.19200000000001,153.88,152.404,153.26300000000001,174121,0,0
2024-10-29 00:00:00,153.26599999999999,153.86600000000001,152.75399999999999,153.34999999999999,165516,0,0
2024-10-30 00:00:00,153.34999999999999,153.49600000000001,152.77799999999999,153.40299999999999,169116,0,0
2024-10-31 00:00:00,153.40299999999999,153.63200000000001,151.83099999999999,152.024,223701,0,0
2024-11-01 00:00:00,152.024,153.09200000000001,151.78800000000001,152.934,193274,0,0
2024-11-04 00:00:00,152.262,152.524,151.53299999999999,152.126,169593,0,0
2024-11-05 00:00:00,152.126,152.54599999999999,151.33500000000001,151.61099999999999,135450,0,0
2024-11-06 00:00:00,151.61099999999999,154.697,151.28100000000001,154.62299999999999,397697,0,0
2024-11-07 00:00:00,154.62299999999999,154.714,152.691,152.923,222159,0,0
2024-11-08 00:00:00,152.923,153.369,152.142,152.62799999999999,182721,0,0
2024-11-11 00:00:00,152.68000000000001,153.95400000000001,152.61500000000001,153.709,109661,0,0
2024-11-12 00:00:00,153.709,154.922,153.40799999999999,154.59899999999999,143223,0,0
2024-11-13 00:00:00,154.59899999999999,155.625,154.339,155.453,171006,0,0
2024-11-14 00:00:00,155.428,156.41999999999999,155.322,156.25399999999999,169704,0,0
2024-11-15 00:00:00,156.239,156.75,153.86199999999999,154.232,209095,0,0
2024-11-18 00:00:00,154.315,155.35599999999999,153.83500000000001,154.655,212012,0,0
2024-11-19 00:00:00,154.655,154.79900000000001,153.27699999999999,154.649,224659,0,0
2024-11-20 00:00:00,154.649,155.887,154.52000000000001,155.386,154528,0,0
2024-11-21 00:00:00,155.38300000000001,155.39500000000001,153.905,154.529,216539,0,0
2024-11-22 00:00:00,154.529,155.02199999999999,153.965,154.71600000000001,185512,0,0
2024-11-25 00:00:00,154.16800000000001,154.72300000000001,153.548,154.178,203621,0,0
2024-11-26 00:00:00,154.178,154.488,152.97999999999999,153.09200000000001,204113,0,0
2024-11-27 00:00:00,153.09200000000001,153.23400000000001,150.453,151.07400000000001,210296,0,0
2024-11-28 00:00:00,151.054,151.95500000000001,150.87,151.53200000000001,108135,0,0
2024-11-29 00:00:00,151.53200000000001,151.541,149.46199999999999,149.72999999999999,236667,0,0
2024-12-02 00:00:00,149.61500000000001,150.75200000000001,149.08099999999999,149.584,216795,0,0
2024-12-03 00:00:00,149.584,150.238,148.64400000000001,149.59100000000001,182530,0,0
2024-12-04 00:00:00,149.59200000000001,151.22999999999999,149.52199999999999,150.54900000000001,194326,0,0
2024-12-05 00:00:00,150.54900000000001,150.77600000000001,149.654,150.05799999999999,159365,0,0
2024-12-06 00:00:00,150.05799999999999,150.697,149.36199999999999,149.94999999999999,162036,0,0
2024-12-09 00:00:00,149.99799999999999,151.34700000000001,149.691,151.18899999999999,123084,0,0
2024-12-10 00:00:00,151.19,152.18100000000001,150.89599999999999,151.935,135710,0,0
2024-12-11 00:00:00,151.91499999999999,152.85400000000001,151.006,152.43799999999999,167650,0,0
2024-12-12 00:00:00,152.43799999999999,152.77500000000001,151.79900000000001,152.619,166641,0,0
2024-12-13 00:00:00,152.619,153.80000000000001,152.452,153.56999999999999,118382,0,0
2024-12-16 00:00:00,153.60900000000001,154.47900000000001,153.31899999999999,154.10300000000001,108060,0,0
2024-12-17 00:00:00,154.10300000000001,154.345,153.161,153.40700000000001,132633,0,0
2024-12-18 00:00:00,153.40700000000001,154.86600000000001,153.334,154.749,145607,0,0
2024-12-19 00:00:00,154.749,157.80799999999999,154.43299999999999,157.41499999999999,221231,0,0
2024-12-20 00:00:00,157.41499999999999,157.92699999999999,155.953,156.40000000000001,199550,0,0
2024-12-23 00:00:00,156.33199999999999,157.26900000000001,156.31700000000001,157.09100000000001,108697,0,0
2024-12-24 00:00:00,157.08600000000001,157.392,156.88999999999999,157.09999999999999,69000,0,0
2024-12-26 00:00:00,157.13499999999999,158.08500000000001,157.07300000000001,157.96299999999999,78038,0,0
2024-12-27 00:00:00,157.96299999999999,157.99100000000001,157.351,157.798,93379,0,0
2024-12-30 00:00:00,157.727,158.06800000000001,156.66800000000001,156.82499999999999,107295,0,0
2024-12-31 00:00:00,156.82499999999999,157.548,156.02199999999999,157.19300000000001,117198,0,0
2025-01-02 00:00:00,157.15199999999999,157.84999999999999,156.434,157.47399999999999,131345,0,0
2025-01-03 00:00:00,157.47399999999999,157.56800000000001,156.87299999999999,157.238,86771,0,0
2025-01-06 00:00:00,157.15199999999999,157.96299999999999,156.238,157.535,126061,0,0
2025-01-07 00:00:00,157.53700000000001,158.42599999999999,157.364,158.05199999999999,127338,0,0
2025-01-08 00:00:00,158.05199999999999,158.55500000000001,157.90199999999999,158.34200000000001,115485,0,0
2025-01-09 00:00:00,158.34299999999999,158.398,157.57400000000001,158.11099999999999,78965,0,0
2025-01-10 00:00:00,158.11099999999999,158.87899999999999,157.22800000000001,157.66999999999999,137451,0,0
2025-01-13 00:00:00,157.715,157.96600000000001,156.91200000000001,157.46799999999999,117599,0,0
2025-01-14 00:00:00,157.46799999999999,158.196,157.03899999999999,157.96100000000001,127799,0,0
2025-01-15 00:00:00,157.96100000000001,158.08199999999999,155.93199999999999,156.465,125173,0,0
2025-01-16 00:00:00,156.465,156.52699999999999,155.09299999999999,155.09299999999999,132102,0,0
2025-01-17 00:00:00,155.13300000000001,156.374,154.97499999999999,156.22999999999999,105499,0,0
2025-01-20 00:00:00,156.21299999999999,156.58500000000001,155.411,155.57400000000001,122565,0,0
2025-01-21 00:00:00,155.57400000000001,156.23500000000001,154.77000000000001,155.46299999999999,151638,0,0
2025-01-22 00:00:00,155.46299999999999,156.709,155.35300000000001,156.476,109408,0,0
2025-01-23 00:00:00,156.477,156.75399999999999,155.74299999999999,156.05199999999999,109239,0,0
2025-01-24 00:00:00,156.05199999999999,156.578,154.84200000000001,155.97900000000001,159182,0,0
2025-01-27 00:00:00,156.00200000000001,156.24700000000001,153.71199999999999,154.50299999999999,181514,0,0
2025-01-28 00:00:00,154.495,155.977,154.458,155.48599999999999,140391,0,0
2025-01-29 00:00:00,155.48599999999999,155.78999999999999,154.93899999999999,155.21299999999999,131694,0,0
2025-01-30 00:00:00,155.22200000000001,155.245,153.78800000000001,154.291,151486,0,0
2025-01-31 00:00:00,154.291,155.221,153.91200000000001,155.15700000000001,152683,0,0
2025-02-03 00:00:00,154.82300000000001,155.88300000000001,154.00899999999999,154.744,224344,0,0
2025-02-04 00:00:00,154.744,155.52500000000001,154.172,154.33199999999999,144786,0,0
2025-02-05 00:00:00,154.33199999999999,154.46199999999999,152.114,152.59899999999999,169115,0,0
2025-02-06 00:00:00,152.59899999999999,152.89500000000001,151.238,151.352,149750,0,0
2025-02-07 00:00:00,151.352,152.43000000000001,150.928,151.38499999999999,171251,0,0
2025-02-10 00:00:00,151.28700000000001,152.53800000000001,151.184,151.99100000000001,123210,0,0
2025-02-11 00:00:00,151.99100000000001,152.60599999999999,151.648,152.48099999999999,112029,0,0
2025-02-12 00:00:00,152.48099999999999,154.803,152.36199999999999,154.40799999999999,150654,0,0
2025-02-13 00:00:00,154.40799999999999,154.66900000000001,152.69999999999999,152.797,151831,0,0
2025-02-14 00:00:00,152.79900000000001,153.15299999999999,152.023,152.28200000000001,126173,0,0
2025-02-17 00:00:00,152.489,152.489,151.33799999999999,151.488,104432,0,0
2025-02-18 00:00:00,151.48699999999999,152.22499999999999,151.233,152.053,127272,0,0
2025-02-19 00:00:00,152.053,152.31399999999999,151.24000000000001,151.46299999999999,150362,0,0
2025-02-20 00:00:00,151.46299999999999,151.46299999999999,149.39699999999999,149.619,175638,0,0
2025-02-21 00:00:00,149.62,150.73599999999999,148.92400000000001,149.22499999999999,183125,0,0
2025-02-24 00:00:00,149.20099999999999,149.87299999999999,148.84399999999999,149.70400000000001,198697,0,0
2025-02-25 00:00:00,149.70400000000001,150.30199999999999,148.565,149.02000000000001,168493,0,0
2025-02-26 00:00:00,149.02000000000001,149.887,148.62799999999999,149.07499999999999,159023,0,0
2025-02-27 00:00:00,149.07499999999999,150.16300000000001,148.74199999999999,149.80600000000001,166239,0,0
2025-02-28 00:00:00,149.80600000000001,150.989,149.09800000000001,150.60499999999999,164949,0,0
2025-03-03 00:00:00,150.66800000000001,151.303,149.09800000000001,149.495,175355,0,0
2025-03-04 00:00:00,149.495,149.87700000000001,148.09299999999999,149.71700000000001,291178,0,0
2025-03-05 00:00:00,149.71700000000001,150.18600000000001,148.38300000000001,148.87700000000001,278315,0,0
2025-03-06 00:00:00,148.87700000000001,149.33500000000001,147.31100000000001,147.97800000000001,286213,0,0
2025-03-07 00:00:00,147.97800000000001,148.20099999999999,146.94399999999999,148.017,281502,0,0
2025-03-10 00:00:00,147.61199999999999,147.852,146.63200000000001,147.16399999999999,220846,0,0
2025-03-11 00:00:00,147.16200000000001,148.119,146.542,147.69800000000001,268610,0,0
2025-03-12 00:00:00,147.69800000000001,149.196,147.69800000000001,148.21799999999999,181990,0,0
2025-03-13 00:00:00,148.202,148.37200000000001,147.41399999999999,147.75800000000001,189333,0,0
2025-03-14 00:00:00,147.75200000000001,149.02099999999999,147.74100000000001,148.58699999999999,147136,0,0
2025-03-17 00:00:00,148.71899999999999,149.28299999999999,148.21000000000001,149.19900000000001,148952,0,0
2025-03-18 00:00:00,149.17500000000001,149.935,149.09,149.25399999999999,110584,0,0
2025-03-19 00:00:00,149.23599999999999,150.14599999999999,148.602,148.678,107156,1,0
2025-03-20 00:00:00,148.678,148.96100000000001,148.179,148.77099999999999,103976,1,0
2025-03-21 00:00:00,148.75,149.66300000000001,148.58500000000001,149.26499999999999,101033,0,0
2025-03-24 00:00:00,149.333,150.756,149.316,150.691,92967,0,0
2025-03-25 00:00:00,150.691,150.94300000000001,149.55199999999999,149.90000000000001,88423,0,0
2025-03-26 00:00:00,149.86799999999999,150.74600000000001,149.83500000000001,150.55799999999999,99831,0,0
2025-03-27 00:00:00,150.55799999999999,151.15600000000001,150.06,151.03899999999999,116341,0,0
2025-03-28 00:00:00,151.03899999999999,151.20699999999999,149.684,149.809,121306,0,0
2025-03-31 00:00:00,149.73500000000001,150.267,148.69999999999999,149.953,164836,0,0
2025-04-01 00:00:00,149.953,150.13999999999999,148.97499999999999,149.58600000000001,143124,0,0
2025-04-02 00:00:00,149.57300000000001,150.489,149.102,149.21899999999999,147981,0,0
2025-04-03 00:00:00,149.21899999999999,149.24100000000001,145.18700000000001,146.029,259838,0,0
2025-04-04 00:00:00,145.995,147.435,144.55099999999999,146.92500000000001,318840,0,0
2025-04-07 00:00:00,145.47499999999999,148.149,144.81700000000001,147.79599999999999,384439,0,0
2025-04-08 00:00:00,147.77199999999999,148.12200000000001,145.964,146.22499999999999,279864,0,0
2025-04-09 00:00:00,146.22800000000001,148.28,143.99700000000001,147.697,330225,0,0
2025-04-10 00:00:00,147.78100000000001,147.78100000000001,144.01400000000001,144.41999999999999,285665,0,0
2025-04-11 00:00:00,144.41999999999999,144.601,142.041,143.465,279124,0,0
2025-04-14 00:00:00,143.886,144.08099999999999,142.232,143.00800000000001,211987,0,0
2025-04-15 00:00:00,142.99299999999999,143.595,142.59800000000001,143.16900000000001,145522,0,0
2025-04-16 00:00:00,143.101,143.28,141.642,141.81999999999999,167485,0,0
2025-04-17 00:00:00,141.81100000000001,143.08500000000001,141.61199999999999,142.39699999999999,152057,0,0
2025-04-18 00:00:00,142.39699999999999,142.48099999999999,142.09100000000001,142.12299999999999,223412,0,0
2025-04-21 00:00:00,142.08000000000001,142.11500000000001,140.471,140.834,124389,0,0
2025-04-22 00:00:00,140.834,141.66999999999999,139.886,141.52799999999999,141019,0,0
2025-04-23 00:00:00,141.52799999999999,143.57400000000001,141.43600000000001,143.43700000000001,177957,0,0
2025-04-24 00:00:00,143.43299999999999,143.43299999999999,142.27699999999999,142.61600000000001,120223,0,0
2025-04-25 00:00:00,142.62299999999999,144.03100000000001,142.559,143.62,118744,0,0
2025-04-28 00:00:00,143.565,143.89500000000001,141.958,141.958,108497,0,0
2025-04-29 00:00:00,141.958,142.75899999999999,141.958,142.27500000000001,106214,0,0
2025-04-30 00:00:00,142.27500000000001,143.191,142.15700000000001,143.066,117054,0,0
2025-05-01 00:00:00,142.96100000000001,145.73500000000001,142.881,145.30500000000001,103525,0,0
2025-05-02 00:00:00,145.30500000000001,145.92699999999999,143.72800000000001,144.923,135911,0,0
2025-05-05 00:00:00,144.66399999999999,144.995,143.53899999999999,143.68000000000001,98371,0,0
2025-05-06 00:00:00,143.68000000000001,144.27500000000001,142.352,142.411,103346,0,0
2025-05-07 00:00:00,142.411,143.994,142.38,143.80799999999999,124571,0,0
2025-05-08 00:00:00,143.80799999999999,146.17500000000001,143.44399999999999,145.90799999999999,127301,0,0
2025-05-09 00:00:00,145.876,146.18600000000001,144.82400000000001,145.35400000000001,95145,0,0
2025-05-12 00:00:00,146.20699999999999,148.648,145.70400000000001,148.45099999999999,149436,0,0
2025-05-13 00:00:00,148.45099999999999,148.45699999999999,147.376,147.47,115422,0,0
2025-05-14 00:00:00,147.47,147.672,145.60499999999999,146.744,127874,0,0
2025-05-15 00:00:00,146.744,146.75200000000001,145.41200000000001,145.65700000000001,113232,0,0
2025-05-16 00:00:00,145.65700000000001,146.102,144.91800000000001,145.58099999999999,92684,0,0
2025-05-19 00:00:00,145.227,145.47,144.66399999999999,144.84100000000001,114591,0,0
2025-05-20 00:00:00,144.81800000000001,145.51300000000001,144.089,144.5,109648,0,0
2025-05-21 00:00:00,144.47,144.56700000000001,143.28299999999999,143.66499999999999,126906,0,0
2025-05-22 00:00:00,143.63999999999999,144.40000000000001,142.803,144.00200000000001,139500,0,0
2025-05-23 00:00:00,144.00200000000001,144.05799999999999,142.41999999999999,142.548,127328,0,0
2025-05-26 00:00:00,142.43000000000001,143.083,142.22800000000001,142.83500000000001,64993,0,0
2025-05-27 00:00:00,142.83500000000001,144.45699999999999,142.114,144.31800000000001,111324,0,0
2025-05-28 00:00:00,144.31800000000001,145.077,143.851,144.821,112156,0,0
2025-05-29 00:00:00,144.821,146.291,143.96000000000001,144.154,139970,0,0
2025-05-30 00:00:00,144.154,144.44300000000001,143.441,143.953,134372,0,0
2025-06-02 00:00:00,143.714,143.98599999999999,142.53800000000001,142.661,124272,0,0
2025-06-03 00:00:00,142.661,144.11099999999999,142.37799999999999,143.864,102020,0,0
2025-06-04 00:00:00,143.88900000000001,144.39099999999999,142.60400000000001,142.73400000000001,109474,0,0
2025-06-05 00:00:00,142.73400000000001,143.977,142.529,143.41800000000001,125671,0,0
2025-06-06 00:00:00,143.41800000000001,145.08799999999999,143.245,144.80000000000001,117924,0,0
2025-06-09 00:00:00,144.76599999999999,144.947,143.97499999999999,144.524,86880,0,0
2025-06-10 00:00:00,144.524,145.291,144.40199999999999,144.80699999999999,102079,0,0
2025-06-11 00:00:00,144.80699999999999,145.46600000000001,144.32400000000001,144.52699999999999,112589,0,0
2025-06-12 00:00:00,144.52699999999999,144.53700000000001,143.184,143.459,126079,0,0
2025-06-13 00:00:00,143.42699999999999,144.483,142.791,144.041,146717,0,0
2025-06-16 00:00:00,143.93600000000001,144.875,143.65000000000001,144.71199999999999,119321,0,0
2025-06-17 00:00:00,144.71199999999999,145.38,144.34100000000001,145.173,127702,0,0
2025-06-18 00:00:00,145.15700000000001,145.441,144.328,145.102,117317,0,0
2025-06-19 00:00:00,145.05500000000001,145.76900000000001,144.73500000000001,145.309,85636,0,0
2025-06-20 00:00:00,145.309,146.21700000000001,145.12100000000001,146.05199999999999,101353,0,0
2025-06-23 00:00:00,146.65600000000001,148.029,146.00999999999999,146.08099999999999,148892,0,0
2025-06-24 00:00:00,146.08099999999999,146.17599999999999,144.51300000000001,144.88399999999999,130850,0,0
2025-06-25 00:00:00,144.88399999999999,145.952,144.607,145.16999999999999,103233,0,0
2025-06-26 00:00:00,145.04499999999999,145.26400000000001,143.751,144.35400000000001,125736,0,0
2025-06-27 00:00:00,144.34200000000001,144.946,144.17699999999999,144.614,118478,0,0
2025-06-30 00:00:00,144.30799999999999,144.761,143.779,143.96899999999999,121847,0,0
2025-07-01 00:00:00,143.96899999999999,144.04499999999999,142.68100000000001,143.381,143640,0,0
2025-07-02 00:00:00,143.38200000000001,144.245,143.31299999999999,143.58000000000001,130571,0,0
2025-07-03 00:00:00,143.58000000000001,145.23500000000001,143.44399999999999,144.917,117229,0,0
2025-07-04 00:00:00,144.886,144.96799999999999,144.18100000000001,144.29599999999999,94672,0,0
2025-07-07 00:00:00,144.36799999999999,146.24199999999999,144.22499999999999,146.02000000000001,120557,0,0
2025-07-08 00:00:00,145.99700000000001,146.977,145.828,146.51400000000001,124033,0,0
2025-07-09 00:00:00,146.51400000000001,147.18100000000001,146.25,146.30600000000001,114697,0,0
2025-07-10 00:00:00,146.30600000000001,146.78700000000001,145.75299999999999,146.23400000000001,108548,0,0
2025-07-11 00:00:00,146.23400000000001,147.52199999999999,146.13300000000001,147.39699999999999,116449,0,0
2025-07-14 00:00:00,147.154,147.779,146.851,147.68100000000001,109987,0,0
2025-07-15 00:00:00,147.68100000000001,149.02000000000001,147.548,148.81999999999999,105692,0,0
2025-07-16 00:00:00,148.81999999999999,149.184,146.911,147.78399999999999,156733,0,0
2025-07-17 00:00:00,147.785,149.08500000000001,147.727,148.49799999999999,128356,0,0
2025-07-18 00:00:00,148.49799999999999,148.88200000000001,148.18100000000001,148.81800000000001,112107,0,0
2025-07-21 00:00:00,147.898,148.667,147.078,147.27500000000001,114447,0,0
2025-07-22 00:00:00,147.27500000000001,147.94900000000001,146.30799999999999,146.58500000000001,111714,0,0
2025-07-23 00:00:00,146.58500000000001,147.21299999999999,146.107,146.40700000000001,137771,0,0
2025-07-24 00:00:00,146.40700000000001,147.02099999999999,145.85599999999999,146.99299999999999,138092,0,0
2025-07-25 00:00:00,146.99299999999999,147.93899999999999,146.81,147.643,131871,0,0
2025-07-28 00:00:00,147.708,148.577,147.517,148.49199999999999,134720,0,0
2025-07-29 00:00:00,148.49199999999999,148.81,148.155,148.405,120745,0,0
2025-07-30 00:00:00,148.405,149.52699999999999,147.80199999999999,149.48099999999999,144947,0,0
2025-07-31 00:00:00,149.48099999999999,150.84100000000001,148.59,150.72399999999999,151844,0,0
2025-08-01 00:00:00,150.72399999999999,150.916,147.292,147.36000000000001,204281,0,0
2025-08-04 00:00:00,147.214,148.09100000000001,146.86199999999999,147.07300000000001,175666,0,0
2025-08-05 00:00:00,147.05600000000001,147.83500000000001,146.61600000000001,147.584,153691,0,0
2025-08-06 00:00:00,147.46600000000001,147.886,146.977,147.31,139122,0,0
2025-08-07 00:00:00,147.31,147.709,146.69,147.10499999999999,164220,0,0
2025-08-08 00:00:00,147.10499999999999,147.905,146.715,147.619,144875,0,0
2025-08-11 00:00:00,147.446,148.25299999999999,147.34899999999999,148.13999999999999,119915,0,0
2025-08-12 00:00:00,148.13999999999999,148.51900000000001,147.577,147.83699999999999,162112,0,0
2025-08-13 00:00:00,147.65000000000001,148.16499999999999,147.08699999999999,147.36600000000001,130882,0,0
2025-08-14 00:00:00,147.304,147.96100000000001,146.214,147.74700000000001,161897,0,0
2025-08-15 00:00:00,147.74700000000001,147.87,146.73599999999999,147.161,126936,0,0
2025-08-18 00:00:00,147.09899999999999,147.98699999999999,147.08000000000001,147.869,120859,0,0
2025-08-19 00:00:00,147.869,148.108,147.44399999999999,147.66300000000001,125746,0,0
2025-08-20 00:00:00,147.66300000000001,147.81800000000001,146.86699999999999,147.31399999999999,127287,0,0
2025-08-21 00:00:00,147.30000000000001,148.40700000000001,147.233,148.36099999999999,129422,0,0
2025-08-22 00:00:00,148.36099999999999,148.779,146.57300000000001,146.90799999999999,138495,0,0
2025-08-25 00:00:00,146.82599999999999,147.93899999999999,146.74000000000001,147.745,111512,0,0
2025-08-26 00:00:00,147.745,147.90600000000001,146.98699999999999,147.339,149600,0,0
2025-08-27 00:00:00,147.339,148.184,147.238,147.358,122950,0,0
2025-08-28 00:00:00,147.358,147.48099999999999,146.65899999999999,146.92099999999999,133586,0,0
2025-08-29 00:00:00,146.92099999999999,147.40899999999999,146.75800000000001,146.999,123897,0,0
2025-09-01 00:00:00,147.03700000000001,147.38200000000001,146.78399999999999,147.16800000000001,90832,0,0
2025-09-02 00:00:00,147.16800000000001,148.94499999999999,147.04300000000001,148.35499999999999,166554,0,0
2025-09-03 00:00:00,148.35499999999999,149.13300000000001,147.875,148.06100000000001,137187,0,0
2025-09-04 00:00:00,148.06100000000001,148.779,147.78700000000001,148.47900000000001,129287,0,0
2025-09-05 00:00:00,148.47900000000001,148.51499999999999,146.81800000000001,147.33600000000001,145418,0,0
2025-09-08 00:00:00,148.042,148.58099999999999,147.33600000000001,147.422,134844,0,0
2025-09-09 00:00:00,147.422,147.52099999999999,146.304,147.405,139529,0,0
2025-09-10 00:00:00,147.405,147.64699999999999,147.06299999999999,147.45699999999999,123437,0,0
2025-09-11 00:00:00,147.45699999999999,148.18100000000001,146.98599999999999,147.19900000000001,132091,0,0
2025-09-12 00:00:00,147.19900000000001,148.072,147.11799999999999,147.636,113658,0,0
2025-09-15 00:00:00,147.49799999999999,147.786,147.23099999999999,147.35400000000001,110843,0,0
2025-09-16 00:00:00,147.357,147.53999999999999,146.27600000000001,146.446,120460,0,0
2025-09-17 00:00:00,146.446,147.05000000000001,145.48500000000001,146.94900000000001,107113,0,0
2025-09-18 00:00:00,146.94900000000001,148.26599999999999,146.77000000000001,147.983,136341,0,0
2025-09-19 00:00:00,147.983,148.28700000000001,147.19300000000001,147.94399999999999,163907,0,0
2025-09-22 00:00:00,147.863,148.37299999999999,147.65299999999999,147.69499999999999,93653,0,0
2025-09-23 00:00:00,147.69499999999999,147.928,147.459,147.58500000000001,108232,0,0
2025-09-24 00:00:00,147.56200000000001,148.91200000000001,147.483,148.88800000000001,96332,0,0
2025-09-25 00:00:00,148.88800000000001,149.92500000000001,148.55500000000001,149.786,114911,0,0
2025-09-26 00:00:00,149.72999999999999,149.95699999999999,149.40299999999999,149.495,103117,0,0
2025-09-29 00:00:00,149.39699999999999,149.517,148.46799999999999,148.57300000000001,102612,0,0
2025-09-30 00:00:00,148.57300000000001,148.845,147.65199999999999,147.86500000000001,113761,0,0
2025-10-01 00:00:00,147.86500000000001,148.226,146.58699999999999,147.03800000000001,129930,0,0
2025-10-02 00:00:00,147.03800000000001,147.51499999999999,146.59800000000001,147.209,100433,0,0
2025-10-03 00:00:00,147.209,147.816,147.042,147.41900000000001,95241,0,0
2025-10-06 00:00:00,149.41499999999999,150.477,149.03800000000001,150.34399999999999,140808,0,0
2025-10-07 00:00:00,150.34399999999999,152.041,150.18000000000001,151.89400000000001,107329,0,0
2025-10-08 00:00:00,151.869,153,151.739,152.679,127800,0,0
2025-10-09 00:00:00,152.679,153.239,152.11000000000001,153.017,143611,0,0
2025-10-10 00:00:00,153.017,153.273,151.108,151.143,162133,0,0
2025-10-13 00:00:00,151.822,152.44900000000001,151.72200000000001,152.26599999999999,135556,0,0
2025-10-14 00:00:00,152.26599999999999,152.61099999999999,151.601,151.821,171009,0,0
2025-10-15 00:00:00,151.821,151.875,150.899,151.03999999999999,137899,0,0
2025-10-16 00:00:00,150.94900000000001,151.40299999999999,150.209,150.42099999999999,151901,0,0
2025-10-17 00:00:00,150.42099999999999,150.62899999999999,149.37899999999999,150.596,162255,0,0
2025-10-20 00:00:00,150.37200000000001,151.20400000000001,150.27199999999999,150.727,110778,0,0
2025-10-21 00:00:00,150.727,152.17500000000001,150.464,151.92099999999999,135980,0,0
2025-10-22 00:00:00,151.92099999999999,152.048,151.48599999999999,151.953,130688,0,0
2025-10-23 00:00:00,151.90600000000001,152.80000000000001,151.821,152.53399999999999,94826,0,0
2025-10-24 00:00:00,152.53100000000001,153.06399999999999,152.215,152.83199999999999,101392,0,0
2025-10-27 00:00:00,152.756,153.256,152.56299999999999,152.86600000000001,98478,0,0
2025-10-28 00:00:00,152.86500000000001,152.887,151.75700000000001,152.09800000000001,117781,0,0
2025-10-29 00:00:00,152.09800000000001,153.06100000000001,151.53899999999999,152.71899999999999,125649,0,0
2025-10-30 00:00:00,152.71899999999999,154.446,152.15600000000001,154.11600000000001,140485,0,0
2025-10-31 00:00:00,154.125,154.41499999999999,153.65199999999999,153.977,104047,0,0
2025-11-03 00:00:00,153.95599999999999,154.29599999999999,153.90199999999999,154.20500000000001,74628,0,0
2025-11-04 00:00:00,154.20500000000001,154.48699999999999,153.316,153.66399999999999,109166,0,0
2025-11-05 00:00:00,153.631,154.35499999999999,152.95500000000001,154.10599999999999,111751,0,0
2025-11-06 00:00:00,154.09899999999999,154.142,152.83199999999999,153.04599999999999,98008,0,0
2025-11-07 00:00:00,153.04599999999999,153.59399999999999,152.815,153.303,115164,0,0
2025-11-10 00:00:00,153.65799999999999,154.24700000000001,153.40700000000001,154.13499999999999,102001,0,0
2025-11-11 00:00:00,154.13800000000001,154.49600000000001,153.66399999999999,154.14099999999999,88384,0,0
2025-11-12 00:00:00,154.14099999999999,155.04300000000001,154.02600000000001,154.77600000000001,93716,0,0
2025-11-13 00:00:00,154.77600000000001,155.018,154.126,154.53100000000001,124176,0,0
2025-11-14 00:00:00,154.53100000000001,154.76400000000001,153.61500000000001,154.51499999999999,138241,0,0
2025-11-17 00:00:00,154.48599999999999,155.30500000000001,154.41399999999999,155.208,97719,0,0
2025-11-18 00:00:00,155.208,155.72999999999999,154.81399999999999,155.47,140356,0,0
2025-11-19 00:00:00,155.374,157.18000000000001,155.21199999999999,157.14500000000001,127607,0,0
2025-11-20 00:00:00,157.12299999999999,157.89500000000001,156.87700000000001,157.43899999999999,152425,0,0
2025-11-21 00:00:00,157.43899999999999,157.54300000000001,156.19900000000001,156.33799999999999,156034,0,0
2025-11-24 00:00:00,156.28100000000001,157.18899999999999,156.28100000000001,156.81999999999999,97635,0,0
2025-11-25 00:00:00,156.821,156.98400000000001,155.80500000000001,156.01599999999999,109840,0,0
2025-11-26 00:00:00,156.01599999999999,156.73599999999999,155.65199999999999,156.44200000000001,121376,0,0
2025-11-27 00:00:00,156.44200000000001,156.446,155.721,156.268,66207,0,0
2025-11-28 00:00:00,156.268,156.57900000000001,155.98099999999999,156.14400000000001,212878,0,0
2025-12-01 00:00:00,156.04300000000001,156.15299999999999,154.666,155.42400000000001,96722,0,0
2025-12-02 00:00:00,155.41300000000001,156.17500000000001,155.40299999999999,155.77500000000001,76625,0,0
2025-12-03 00:00:00,155.77500000000001,155.904,155.012,155.20599999999999,77496,0,0
2025-12-04 00:00:00,155.20599999999999,155.541,154.50899999999999,155.06200000000001,91359,0,0
2025-12-05 00:00:00,155.06200000000001,155.49199999999999,154.34399999999999,155.25800000000001,90077,0,0
2025-12-08 00:00:00,155.137,155.98699999999999,154.90199999999999,155.916,110880,0,0
2025-12-09 00:00:00,155.916,156.95500000000001,155.739,156.85900000000001,108238,0,0
2025-12-10 00:00:00,156.84700000000001,156.94,155.792,155.923,100509,0,0
2025-12-11 00:00:00,155.90100000000001,156.16399999999999,154.94200000000001,155.56999999999999,119833,0,0
2025-12-12 00:00:00,155.56999999999999,156.12799999999999,155.446,155.77600000000001,95258,0,0
2025-12-15 00:00:00,155.75399999999999,155.982,154.834,155.12299999999999,91859,0,0
2025-12-16 00:00:00,155.13800000000001,155.22800000000001,154.39400000000001,154.70500000000001,123430,0,0
2025-12-17 00:00:00,154.70500000000001,155.74700000000001,154.512,155.66399999999999,109120,0,0
2025-12-18 00:00:00,155.64599999999999,155.97499999999999,155.28200000000001,155.529,106873,0,0
2025-12-19 00:00:00,155.529,157.77000000000001,155.40199999999999,157.74100000000001,116697,0,0
2025-12-22 00:00:00,157.65899999999999,157.70500000000001,156.703,157.03700000000001,97825,0,0
2025-12-23 00:00:00,157.03700000000001,157.03700000000001,155.65100000000001,156.17099999999999,122566,0,0
2025-12-24 00:00:00,156.16999999999999,156.28299999999999,155.55600000000001,155.89099999999999,113104,0,0
2025-12-26 00:00:00,155.90100000000001,156.72900000000001,155.756,156.446,85442,0,0
2025-12-29 00:00:00,156.44800000000001,156.53100000000001,155.91499999999999,156.018,100544,0,0
2025-12-30 00:00:00,156,156.56800000000001,155.744,156.36699999999999,93044,0,0
2025-12-31 00:00:00,156.30000000000001,156.99600000000001,156.30000000000001,156.65199999999999,84447,0,0
2026-01-02 00:00:00,156.62,157.001,156.517,156.78700000000001,74586,0,0
2026-01-05 00:00:00,156.68899999999999,157.29900000000001,156.11199999999999,156.30000000000001,108377,0,0
2026-01-06 00:00:00,156.232,156.79300000000001,156.161,156.61199999999999,111712,0,0
2026-01-07 00:00:00,156.589,156.80699999999999,156.29499999999999,156.74600000000001,95906,0,0
2026-01-08 00:00:00,156.74299999999999,157.072,156.459,156.84200000000001,116162,0,0
2026-01-09 00:00:00,156.84399999999999,158.18600000000001,156.761,157.81,136342,0,0
2026-01-12 00:00:00,158.09200000000001,158.202,157.51499999999999,158.05199999999999,100298,0,0
2026-01-13 00:00:00,158.04300000000001,159.19200000000001,157.89599999999999,159.09200000000001,168069,0,0
2026-01-14 00:00:00,159.08799999999999,159.45400000000001,158.09800000000001,158.37700000000001,175962,0,0
2026-01-15 00:00:00,158.351,158.881,158.21100000000001,158.607,170911,0,0
2026-01-16 00:00:00,158.58099999999999,158.702,157.82400000000001,158.04499999999999,149164,0,0
2026-01-19 00:00:00,157.91900000000001,158.16499999999999,157.42400000000001,158.03800000000001,91523,0,0
2026-01-20 00:00:00,158.03899999999999,158.60499999999999,157.46899999999999,158.137,186691,0,0
2026-01-21 00:00:00,158.13300000000001,158.535,157.74799999999999,158.262,172369,0,0
2026-01-22 00:00:00,158.25299999999999,158.89500000000001,158.179,158.35499999999999,160783,0,0
2026-01-23 00:00:00,158.34899999999999,159.22800000000001,155.58799999999999,155.61199999999999,179328,0,0
2026-01-26 00:00:00,154.661,155.345,153.30500000000001,154.15100000000001,222943,0,0
2026-01-27 00:00:00,154.13999999999999,154.87700000000001,152.09299999999999,152.143,174288,0,0
2026-01-28 00:00:00,152.15899999999999,154.048,152.14599999999999,153.40299999999999,212699,0,0
2026-01-29 00:00:00,153.40000000000001,153.53800000000001,152.68000000000001,153.08199999999999,210630,0,0
2026-01-30 00:00:00,153.05799999999999,154.79400000000001,152.86799999999999,154.72999999999999,232900,0,0
2026-02-02 00:00:00,154.89400000000001,155.78800000000001,154.54900000000001,155.62100000000001,221222,0,0
2026-02-03 00:00:00,155.595,156.084,155.30099999999999,155.71799999999999,165929,0,0
2026-02-04 00:00:00,155.71799999999999,156.947,155.64400000000001,156.83199999999999,178604,0,0
2026-02-05 00:00:00,156.815,157.33699999999999,156.529,157.00299999999999,138387,0,0
2026-02-06 00:00:00,156.86000000000001,157.262,156.50899999999999,157.16300000000001,130146,0,0
2026-02-09 00:00:00,157.57400000000001,157.66,155.52000000000001,155.858,193091,0,0
2026-02-10 00:00:00,155.83500000000001,156.29499999999999,154.05699999999999,154.386,173951,0,0
2026-02-11 00:00:00,154.38399999999999,154.654,152.55099999999999,153.24000000000001,137662,0,0
2026-02-12 00:00:00,153.197,153.75800000000001,152.27000000000001,152.72900000000001,145725,0,0
2026-02-13 00:00:00,152.71600000000001,153.666,152.59399999999999,152.643,128480,0,0
2026-02-16 00:00:00,152.71899999999999,153.636,152.57900000000001,153.423,71575,0,0
2026-02-17 00:00:00,153.36199999999999,153.92599999999999,152.69800000000001,153.22399999999999,145248,0,0
2026-02-18 00:00:00,153.21899999999999,154.869,153.06700000000001,154.78800000000001,108182,0,0
2026-02-19 00:00:00,154.78100000000001,155.34200000000001,154.542,154.982,115881,0,0
2026-02-20 00:00:00,154.947,155.64500000000001,154.715,154.91499999999999,140624,0,0
2026-02-23 00:00:00,154.91900000000001,155.04499999999999,154,154.59200000000001,126344,0,0
2026-02-24 00:00:00,154.58099999999999,156.28100000000001,154.52600000000001,155.821,122350,0,0
2026-02-25 00:00:00,155.81999999999999,156.82499999999999,155.34399999999999,156.30000000000001,114085,0,0
2026-02-26 00:00:00,156.303,156.435,155.69999999999999,156.11199999999999,126402,0,0
2026-02-27 00:00:00,156.06200000000001,156.23500000000001,155.536,156.02799999999999,126402,0,0
2026-03-02 00:00:00,155.928,157.75399999999999,155.92699999999999,157.28299999999999,166266,0,0
2026-03-03 00:00:00,157.28399999999999,157.971,157.15000000000001,157.69,178025,0,0
2026-03-04 00:00:00,157.65700000000001,157.864,156.85499999999999,157.02600000000001,152633,0,0
2026-03-05 00:00:00,156.99199999999999,157.851,156.452,157.506,187691,0,0
2026-03-06 00:00:00,157.44499999999999,158.09,157.376,157.68799999999999,181414,0,0
2026-03-09 00:00:00,158.03299999999999,158.90000000000001,157.63200000000001,157.64599999999999,229194,0,0
2026-03-10 00:00:00,157.626,158.12899999999999,157.273,158.04400000000001,214902,0,0
2026-03-11 00:00:00,158.04400000000001,158.97999999999999,157.86000000000001,158.94300000000001,167928,0,0
2026-03-12 00:00:00,158.92400000000001,159.43299999999999,158.56999999999999,159.34299999999999,160950,0,0
2026-03-13 00:00:00,159.30699999999999,159.745,159.005,159.70699999999999,168072,0,0
2026-03-16 00:00:00,159.50800000000001,159.74600000000001,158.84899999999999,158.958,202097,0,0
2026-03-17 00:00:00,158.99199999999999,159.49700000000001,158.72200000000001,158.959,169524,0,0
2026-03-18 00:00:00,158.959,159.899,158.56899999999999,159.792,196288,0,0
2026-03-19 00:00:00,159.791,159.84800000000001,157.506,157.67599999999999,254164,0,0
2026-03-20 00:00:00,157.63300000000001,159.38999999999999,157.57499999999999,159.18700000000001,192413,0,0
2026-03-23 00:00:00,159.233,159.65899999999999,158.01900000000001,158.43000000000001,316107,0,0
2026-03-24 00:00:00,158.39500000000001,159.19,158.21600000000001,158.66999999999999,295342,0,0
2026-03-25 00:00:00,158.66499999999999,159.50200000000001,158.55099999999999,159.464,248514,0,0
2026-03-26 00:00:00,159.458,159.84700000000001,159.285,159.78299999999999,220837,0,0
2026-03-27 00:00:00,159.77799999999999,160.41,159.45400000000001,160.22200000000001,227308,0,0
2026-03-30 00:00:00,160.12799999999999,160.46199999999999,159.32499999999999,159.66900000000001,226710,0,0
2026-03-31 00:00:00,159.65799999999999,159.97399999999999,158.661,158.709,237177,0,0
2026-04-01 00:00:00,158.709,159.01400000000001,158.27000000000001,158.76900000000001,227499,0,0
2026-04-02 00:00:00,158.75800000000001,159.74700000000001,158.541,159.49600000000001,218986,0,0
2026-04-03 00:00:00,159.49000000000001,159.80799999999999,159.429,159.56800000000001,96440,0,0
2026-04-06 00:00:00,159.55099999999999,159.83199999999999,159.30699999999999,159.67400000000001,165116,0,0
2026-04-07 00:00:00,159.67400000000001,160.03,159.471,159.51499999999999,188216,0,0
2026-04-08 00:00:00,159.51400000000001,159.703,157.88800000000001,158.51300000000001,258734,0,0
2026-04-09 00:00:00,158.482,159.29900000000001,158.428,158.90899999999999,171790,0,0
2026-04-10 00:00:00,158.85499999999999,159.375,158.84399999999999,159.17699999999999,153635,0,0
2026-04-13 00:00:00,159.56800000000001,159.86099999999999,159.292,159.44,177380,0,0
2026-04-14 00:00:00,159.43899999999999,159.43899999999999,158.602,158.749,174762,0,0
2026-04-15 00:00:00,158.75399999999999,159.155,158.64500000000001,158.94300000000001,180305,0,0
2026-04-16 00:00:00,158.92599999999999,159.30699999999999,158.26599999999999,159.108,174327,0,0
2026-04-17 00:00:00,159.06399999999999,159.53200000000001,157.59399999999999,158.55000000000001,181463,0,0
2026-04-20 00:00:00,158.77099999999999,159.202,158.54900000000001,158.739,194878,0,0
2026-04-21 00:00:00,158.739,159.63900000000001,158.684,159.334,188567,0,0
2026-04-22 00:00:00,159.30500000000001,159.57499999999999,159.09899999999999,159.42599999999999,170330,0,0
2026-04-23 00:00:00,159.404,159.84299999999999,159.292,159.655,198109,0,0
2026-04-24 00:00:00,159.626,159.846,159.27500000000001,159.27500000000001,176637,0,0
2026-04-27 00:00:00,159.547,159.59999999999999,159.09299999999999,159.40600000000001,174409,0,0
2026-04-28 00:00:00,159.40600000000001,159.78800000000001,158.96100000000001,159.61000000000001,197002,0,0
2026-04-29 00:00:00,159.60599999999999,160.47499999999999,159.476,160.292,176760,0,0
2026-04-30 00:00:00,160.291,160.72800000000001,155.55600000000001,156.55799999999999,275317,0,0
2026-05-01 00:00:00,156.52699999999999,157.33099999999999,155.48400000000001,156.94800000000001,209966,0,0
2026-05-04 00:00:00,156.68799999999999,157.304,155.70400000000001,157.203,225687,0,0
2026-05-05 00:00:00,157.19300000000001,157.92099999999999,157.07599999999999,157.86799999999999,171785,0,0
2026-05-06 00:00:00,157.858,157.935,155.036,156.33099999999999,267148,0,0
2026-05-07 00:00:00,156.315,156.95099999999999,156.017,156.87799999999999,195946,0,0
2026-05-08 00:00:00,156.86099999999999,156.994,156.43199999999999,156.58000000000001,162203,0,0
2026-05-11 00:00:00,156.483,157.27099999999999,156.46100000000001,157.161,142077,0,0
2026-05-12 00:00:00,157.12,157.76499999999999,156.72399999999999,157.59399999999999,159860,0,0
2026-05-13 00:00:00,157.58799999999999,157.92699999999999,157.52199999999999,157.82400000000001,138804,0,0
2026-05-14 00:00:00,157.80000000000001,158.422,157.29300000000001,158.345,177127,0,0
2026-05-15 00:00:00,158.321,158.84399999999999,158.238,158.65600000000001,196402,0,0
2026-05-18 00:00:00,158.55500000000001,159.08199999999999,158.49000000000001,158.78399999999999,226957,0,0
2026-05-19 00:00:00,158.72800000000001,159.25299999999999,158.64400000000001,159.03999999999999,187550,0,0
2026-05-20 00:00:00,159.029,159.16800000000001,158.589,158.89599999999999,193749,0,0
2026-05-21 00:00:00,158.87,159.34899999999999,158.74799999999999,158.93700000000001,194483,0,0
2026-05-22 00:00:00,158.905,159.23400000000001,158.839,159.06999999999999,147361,0,0
2026-05-25 00:00:00,158.768,159.04300000000001,158.69800000000001,158.874,93837,0,0
2026-05-26 00:00:00,158.857,159.38499999999999,158.80199999999999,159.28299999999999,128891,0,0
2026-05-27 00:00:00,159.255,159.578,159.17099999999999,159.505,145713,0,0
2026-05-28 00:00:00,159.49299999999999,159.654,159.108,159.22999999999999,180193,0,0
2026-05-29 00:00:00,159.215,159.37899999999999,159.096,159.13499999999999,164440,0,0
2026-06-01 00:00:00,159.34,159.767,159.30000000000001,159.643,198953,0,0
2026-06-02 00:00:00,159.61799999999999,159.98699999999999,159.55000000000001,159.87899999999999,155893,0,0
2026-06-03 00:00:00,159.852,160.09200000000001,159.36799999999999,160.03,205826,0,0
2026-06-04 00:00:00,160.005,160.07599999999999,159.602,160.005,207216,0,0
2026-06-05 00:00:00,160.001,160.34399999999999,159.739,160.23500000000001,183288,0,0
2026-06-08 00:00:00,160.13999999999999,160.39699999999999,159.84200000000001,160.11500000000001,189149,0,0
2026-06-09 00:00:00,160.09,160.44900000000001,160.05199999999999,160.34700000000001,178911,0,0
2026-06-10 00:00:00,160.328,160.57599999999999,160.239,160.524,186829,0,0
2026-06-11 00:00:00,160.499,160.59700000000001,159.542,159.87700000000001,189726,0,0
2026-06-12 00:00:00,159.84899999999999,160.374,159.79900000000001,160.131,207996,0,0
2026-06-15 00:00:00,160.10900000000001,160.39500000000001,159.73400000000001,160.31200000000001,179849,0,0
2026-06-16 00:00:00,160.286,160.48400000000001,160.047,160.37200000000001,168774,0,0
2026-06-17 00:00:00,160.37,160.80099999999999,160.11699999999999,160.62,177764,0,0
2026-06-18 00:00:00,160.601,161.81299999999999,160.476,161.346,217405,0,0
2026-06-19 00:00:00,161.31200000000001,161.458,160.989,161.19300000000001,168432,0,0
2026-06-22 00:00:00,161.21100000000001,161.93299999999999,161.077,161.541,208499,0,0
2026-06-23 00:00:00,161.501,161.74199999999999,161.268,161.48500000000001,189956,0,0
2026-06-24 00:00:00,161.465,161.84299999999999,161.44,161.75,178837,0,0
2026-06-25 00:00:00,161.71799999999999,161.952,161.55500000000001,161.78,184822,0,0
2026-06-26 00:00:00,161.78100000000001,161.84899999999999,161.53200000000001,161.63999999999999,193750,0,0
2026-06-29 00:00:00,161.715,161.98500000000001,161.68199999999999,161.934,147359,0,0
2026-06-30 00:00:00,161.91300000000001,162.67599999999999,161.827,162.49199999999999,162142,0,0
2026-07-01 00:00:00,162.49299999999999,162.84200000000001,162.28999999999999,162.566,167565,0,0
2026-07-02 00:00:00,162.548,162.59700000000001,160.636,161.08500000000001,235784,0,0
2026-07-03 00:00:00,161.072,161.523,160.48599999999999,161.25299999999999,148845,2,0
2026-07-06 00:00:00,161.18199999999999,162.428,161.18199999999999,162.06800000000001,144607,2,0
2026-07-07 00:00:00,162.05699999999999,162.18299999999999,161.65000000000001,162.08699999999999,154912,2,0
2026-07-08 00:00:00,162.07300000000001,162.70599999999999,161.947,162.565,169102,2,0
2026-07-09 00:00:00,162.54300000000001,162.613,162.245,162.34800000000001,138321,2,0
2026-07-10 00:00:00,162.33500000000001,162.42500000000001,161.28100000000001,161.584,198619,2,0
2026-07-13 00:00:00,161.661,162.48400000000001,161.63300000000001,162.334,235430,2,0
2026-07-14 00:00:00,162.334,162.47399999999999,161.59999999999999,162.22499999999999,233171,2,0
2026-07-15 00:00:00,162.19200000000001,162.42099999999999,161.89599999999999,162.16999999999999,171798,2,0
2026-07-16 00:00:00,162.15299999999999,162.54499999999999,161.983,162.37899999999999,162258,2,0
2026-07-17 00:00:00,162.36600000000001,162.518,162.13300000000001,162.31299999999999,135060,2,0
2026-07-20 00:00:00,162.40299999999999,162.59200000000001,162.20500000000001,162.488,115903,2,0
2026-07-21 00:00:00,162.488,163.24100000000001,162.357,163.16300000000001,132871,2,0
2026-07-22 00:00:00,163.126,163.22800000000001,162.68600000000001,163.13499999999999,176744,2,0
2026-07-23 00:00:00,163.114,163.99000000000001,162.995,163.81,214056,2,0
2026-07-24 00:00:00,163.79900000000001,163.93899999999999,163.636,163.76499999999999,191012,2,0
2026-07-27 00:00:00,163.51300000000001,163.797,163.32499999999999,163.69499999999999,162377,2,0
2026-07-28 00:00:00,163.672,163.94999999999999,163.607,163.80000000000001,131715,2,0
2026-07-29 00:00:00,163.80000000000001,163.90899999999999,163.22900000000001,163.36600000000001,166869,2,0
2026-07-30 00:00:00,163.35599999999999,163.74299999999999,157.964,159.49299999999999,261876,2,0
2026-07-31 00:00:00,159.49000000000001,160.88399999999999,157.154,157.577,331861,2,0
2026-08-03 00:00:00,157.148,157.887,155.22300000000001,157.15600000000001,266181,2,0
2026-08-04 00:00:00,157.142,157.96199999999999,157.12700000000001,157.643,208939,2,0
2026-08-05 00:00:00,157.62299999999999,157.87899999999999,157.30600000000001,157.72999999999999,205698,2,0
2026-08-06 00:00:00,157.70500000000001,158.553,157.55600000000001,158.375,139934,2,0
2026-08-07 00:00:00,158.35400000000001,158.57400000000001,156.679,157.69499999999999,152927,2,0
2026-08-10 00:00:00,157.691,159.363,157.52199999999999,159.28100000000001,140902,2,0
2026-08-11 00:00:00,159.27500000000001,159.392,158.923,159.27099999999999,126458,2,0
2026-08-12 00:00:00,159.251,159.54400000000001,158.583,159.405,137801,2,0
2026-08-13 00:00:00,159.40700000000001,159.56700000000001,159.02199999999999,159.477,124662,2,0
2026-08-14 00:00:00,159.477,159.518,158.59899999999999,159.298,143237,2,0
2026-08-17 00:00:00,159.27500000000001,159.59899999999999,158.84299999999999,159.42699999999999,136069,2,0
2026-08-18 00:00:00,159.422,159.779,159.23500000000001,159.602,128558,2,0
2026-08-19 00:00:00,159.602,159.643,158.03899999999999,158.13900000000001,205157,2,0
