fetched_at_utc,query_name,title,url,time_published,source,summary,topics,overall_sentiment_score,overall_sentiment_label,keyword_hits,relevance_bucket,is_usdjpy_relevant
2026-07-03T22:38:22Z,economy_macro,Old Dominion Freight Line focuses on steady operations as freight demand evolves,https://www.ad-hoc-news.de/boerse/news/ueberblick/old-dominion-freight-line-focuses-on-steady-operations-as-freight-demand/69683267,20260703T213235,Ad-hoc-news.de,Old Dominion Freight Line is maintaining its focus on network efficiency and disciplined pricing as freight demand changes across US industrial and retail customers. The company uses a hub-and-spoke LTL network to maximize trailer utilization and offers value-added services like guaranteed delivery and digital tracking. Old Dominion's strategy emphasizes yield management and a diverse customer base to sustain profitability in an evolving market.,energy_transportation; retail_wholesale; manufacturing; financial_markets; economy_macro,0.207845,Somewhat-Bullish,1,medium,true
2026-07-03T22:38:22Z,economy_macro,Quanta Services stock stays centered on U.S. infrastructure demand.,https://www.ad-hoc-news.de/boerse/news/ueberblick/quanta-services-stock-stays-centered-on-u-s-infrastructure-demand/69683262,20260703T213134,Ad-hoc-news.de,"Quanta Services (PWR) stock remains focused on U.S. infrastructure demand, driven by ongoing utility, energy, and communications spending on grid and network development. The company, a large-scale contractor, relies on efficient project execution and a strong backlog, making it sensitive to the pace of clean energy integration and power demand. Investors closely monitor backlog quality, labor availability, and project execution across its transmission and distribution work.",financial_markets; manufacturing; economy_macro; energy_transportation; real_estate,0.334044,Somewhat-Bullish,0,low,false
2026-07-03T22:38:22Z,economy_macro,Apple Is About 4% Away From Overtaking Nvidia as the World's Most Valuable Company. Could It Happen This Month?,https://www.fool.com/investing/2026/07/03/apple-is-about-4-away-from-overtaking-nvidia-as-th/,20260703T212922,The Motley Fool,"Apple is currently about 4% behind Nvidia in market capitalization, with Nvidia at $4.7 trillion and Apple at $4.5 trillion. Apple recently gained ground due to reports of an expanded iPhone lineup, while Nvidia saw a broader chip stock sell-off. Apple has a potential catalyst with its upcoming fiscal third-quarter earnings report on July 30 and rumors of new iPhones, whereas Nvidia, despite faster growth and a cheaper stock, does not report again until late August, leaving its shares exposed to AI sentiment shifts.",earnings; financial_markets; technology; economy_macro,0.033236,Neutral,0,low,false
2026-07-03T22:38:22Z,economy_macro,Mosaic Company focuses on fertilizer demand as agriculture navigates changing markets,https://www.ad-hoc-news.de/boerse/news/ueberblick/mosaic-company-focuses-on-fertilizer-demand-as-agriculture-navigates/69683206,20260703T211930,Ad-hoc-news.de,"Mosaic Company, a leading producer of phosphate and potash fertilizers, is deeply integrated into the global agricultural economy. Its performance is directly linked to farmers' planting decisions, commodity prices, and input spending, as it supplies essential nutrients for key crops. The company manages a vertically integrated business model from mining to distribution, with significant operations in North America and Latin America, and focuses on operational efficiency and balanced capital allocation to navigate volatile market conditions.",earnings; financial_markets; economy_macro; manufacturing,0.265157,Somewhat-Bullish,0,low,false
2026-07-03T22:38:22Z,economy_macro,Royal Caribbean Group focuses on long-term growth as cruising demand recovers,https://www.ad-hoc-news.de/boerse/news/ueberblick/royal-caribbean-group-focuses-on-long-term-growth-as-cruising-demand/69683198,20260703T211734,Ad-hoc-news.de,"Royal Caribbean Group is investing in its fleet and onboard offerings, benefiting from recovering global demand for cruises. The company is positioning its business model for sustainable growth and improved profitability, focusing on expanding capacity with efficient vessels and optimizing its revenue mix from ticket and onboard sales. Operational efficiency and a strong guest experience are key to its long-term equity story and ability to generate consistent cash flow.",earnings; financial_markets; economy_macro; energy_transportation; retail_wholesale,0.696178,Bullish,0,low,false
2026-07-03T22:38:22Z,economy_macro,Weyerhaeuser builds value in timber and real estate operations,https://www.ad-hoc-news.de/boerse/news/ueberblick/weyerhaeuser-builds-value-in-timber-and-real-estate-operations/69683195,20260703T211710,Ad-hoc-news.de,"Weyerhaeuser Co. operates a large timberland and wood products platform in North America, integrating forestry assets with a real estate and natural resources portfolio. This business model is designed to generate resilient cash flows across various economic cycles by balancing current demand with long-term resource stewardship and capitalizing on real estate development opportunities. The company's integrated structure allows it to optimize timber supply, wood product manufacturing, and land monetization, providing a distinctive profile for investors interested in land, natural resources, and real estate.",real_estate; finance; manufacturing; financial_markets; economy_macro,0.48911,Bullish,1,medium,true
2026-07-03T22:38:22Z,economy_macro,Vulcan Materials focuses on aggregates demand as US construction projects advance,https://www.ad-hoc-news.de/boerse/news/ueberblick/vulcan-materials-focuses-on-aggregates-demand-as-us-construction-projects/69683187,20260703T211406,Ad-hoc-news.de,"Vulcan Materials, a major US producer of construction aggregates and asphalt, is closely tied to the country's infrastructure and private construction. Its business model relies on the consistent demand for aggregates in various projects, from highways to residential developments, with strategic focus on optimizing its portfolio and efficiency. Investors view the stock as a way to participate in the ongoing demand for physical infrastructure in the US.",real_estate; earnings; economy_macro; manufacturing,0.357652,Bullish,0,low,false
2026-07-03T22:38:22Z,economy_macro,AES Corp. focuses on energy transition strategy as a global power producer,https://www.ad-hoc-news.de/boerse/news/ueberblick/aes-corp-focuses-on-energy-transition-strategy-as-a-global-power-producer/69683166,20260703T210706,Ad-hoc-news.de,"AES Corp. is a global power company emphasizing energy transition through lower-carbon technologies and long-term contracts. The company develops, owns, and operates a diversified portfolio of power generation and storage assets, including conventional and renewable sources, with a significant focus on battery energy storage solutions. Its strategy aims to provide stable cash flow for investors by balancing growth in renewables with financial discipline and managing legacy assets.",energy_transportation; finance; financial_markets; economy_macro,0.462985,Bullish,1,medium,true
2026-07-03T22:38:22Z,economy_macro,Waste Management Inc earnings and long-term growth story,https://www.ad-hoc-news.de/boerse/news/ueberblick/waste-management-inc-earnings-and-long-term-growth-story/69682893,20260703T205833,Ad-hoc-news.de,"Waste Management Inc is a key player in the North American waste and recycling market, characterized by stable cash flows, recurring revenues from long-term contracts, and ongoing investments in sustainable infrastructure and technology. The company focuses on cost discipline, operational efficiency, and strategic capital allocation, blending essential service provision with environmental initiatives like recycling and renewable energy projects. Its long-term growth is driven by population growth, urbanization, and regulatory pressures for environmental responsibility, despite operating in a complex competitive and regulatory landscape.",earnings; finance; economy_macro; energy_transportation,0.618677,Bullish,0,low,false
2026-07-03T22:38:22Z,economy_macro,General Dynamics outlines defense growth prospects. Operations and strategy remain in focus for investors,https://www.ad-hoc-news.de/boerse/news/ueberblick/general-dynamics-outlines-defense-growth-prospects-operations-and/69682887,20260703T205750,Ad-hoc-news.de,"General Dynamics, a major US defense and aerospace contractor, focuses on defense growth prospects, particularly in its land combat systems, marine systems, and aerospace segments. Investors track its long-term order book, margin profile, and cash generation. The company's strategy involves maintaining a robust backlog, improving operating margins, and converting earnings into strong free cash flow, with its business jet line serving as a representative commercial product.",earnings; financial_markets; manufacturing; economy_macro,0.016061,Neutral,0,low,false
2026-07-03T22:38:22Z,economy_macro,Walmart Inc steady on U.S. consumer trends. Retail giant leans on everyday value,https://www.ad-hoc-news.de/boerse/news/ueberblick/walmart-inc-steady-on-u-s-consumer-trends-retail-giant-leans-on-everyday/69683096,20260703T205109,Ad-hoc-news.de,"Walmart Inc continues to leverage its extensive scale, diverse grocery offerings, and everyday low pricing strategy to attract U.S. consumers, even amidst intense competition from other retailers and online platforms. The company's strong performance, viewed as a key indicator of household economic health, is driven by its vast store network, digital capabilities, and focus on providing value to budget-conscious shoppers. Walmart remains a central player in the U.S. retail landscape, deeply integrated into daily consumer spending.",retail_wholesale; economy_macro; financial_markets,0.422749,Bullish,0,low,false
2026-07-03T22:38:22Z,economy_macro,General Electric (GE) Could Be 8% Overvalued As Jet Engine Demand Strengthens,https://simplywall.st/stocks/us/capital-goods/nyse-ge/general-electric/news/general-electric-ge-could-be-8-overvalued-as-jet-engine-dema,20260703T204641,Simply Wall Street,"General Electric (GE) is currently estimated to be 8% overvalued based on a fair value calculation of $350.45 against its last closing price of $377.52, despite strong demand in its GE Aerospace division. The company has seen significant stock momentum with a 53.73% return over the last year, driven by major airline orders and long-term agreements. However, potential risks like air travel slowdowns or supply chain issues could challenge its optimistic cash flow projections.",earnings; financial_markets; economy_macro; manufacturing; energy_transportation,9.5e-05,Neutral,0,low,false
2026-07-03T22:38:22Z,economy_macro,Q1 Earnings Highlights: AbbVie (NYSE:ABBV) Vs The Rest Of The Therapeutics Stocks,https://uk.finance.yahoo.com/news/q1-earnings-highlights-abbvie-nyse-204206648.html,20260703T204158,Yahoo Finance UK,"This article reviews the Q1 2026 earnings for AbbVie and other therapeutics companies, highlighting strong performance across the sector. While AbbVie reported increased revenues and an optimistic outlook, Moderna saw the fastest revenue growth, and United Therapeutics had the weakest performance. The article also touches on shifting market narratives from AI to geopolitical risks, emphasizing the importance of fundamental strength in investments.",earnings; life_sciences; financial_markets; economy_macro,0.248835,Somewhat-Bullish,0,low,false
2026-07-03T22:38:22Z,economy_macro,Monster Beverage Corp focuses on energy drinks as investors watch growth trends,https://www.ad-hoc-news.de/boerse/news/ueberblick/monster-beverage-corp-focuses-on-energy-drinks-as-investors-watch-growth/69682969,20260703T203822,Ad-hoc-news.de,"Monster Beverage Corp remains a key player in the global energy drink market, with investors closely watching its growth strategy, profitability, and competition. The company focuses on a diverse portfolio of energy drinks, distinctive branding, international expansion, and continuous innovation. Its stock performance is influenced by both company-specific factors and broader market sentiment, as it operates in a discretionary consumer category.",earnings; financial_markets; retail_wholesale; economy_macro,0.00942,Neutral,1,medium,true
2026-07-03T22:38:22Z,economy_macro,Valero Energy focuses on refining margins as investors watch US fuel demand,https://www.ad-hoc-news.de/boerse/news/ueberblick/valero-energy-focuses-on-refining-margins-as-investors-watch-us-fuel/69682975,20260703T202010,Ad-hoc-news.de,"Valero Energy, a major US petroleum refiner, is navigating a challenging environment where its profitability is heavily influenced by refining margins and domestic fuel demand. The company's strategy involves optimizing its widespread refinery network, investing in renewable fuels like renewable diesel, and maintaining a strong balance sheet to ensure stable returns for shareholders amidst fluctuating market conditions and evolving environmental regulations.",energy_transportation; financial_markets; earnings; finance; economy_macro,0.25974,Somewhat-Bullish,0,low,false
2026-07-03T22:38:22Z,economy_macro,Zions Bancorporation focuses on regional banking strength amid changing US credit cycle,https://www.ad-hoc-news.de/boerse/news/ueberblick/zions-bancorporation-focuses-on-regional-banking-strength-amid-changing-us/69682938,20260703T201010,Ad-hoc-news.de,"Zions Bancorporation is adapting to the evolving US credit cycle by emphasizing its regional banking strengths, including balance sheet resilience, strong deposit relationships, and a focused lending portfolio. The company's business model relies heavily on net interest income from loans and securities, complemented by fee-based services, and operates within the Western US economies. Key to its strategy are rigorous risk management, adaptation to interest rate changes, and a focus on relationship-based commercial and consumer banking.",finance; economy_macro,0.21597,Somewhat-Bullish,1,medium,true
2026-07-03T22:38:22Z,economy_macro,Zions Bancorp focuses on regional banking strength as investors watch credit quality,https://www.ad-hoc-news.de/boerse/news/ueberblick/zions-bancorp-focuses-on-regional-banking-strength-as-investors-watch/69682883,20260703T200904,Ad-hoc-news.de,"Zions Bancorp, a regional bank in the Western U.S., is under investor scrutiny for its credit quality, loan growth, and deposit trends amidst the current interest rate environment. The bank focuses on a relationship-driven model for small to mid-sized commercial clients, offering traditional lending and treasury management services. Its strategy emphasizes local ties, diversified deposit base, and careful risk management to ensure stable earnings and capital resilience.",finance; earnings; financial_markets; economy_monetary; economy_macro,0.212241,Somewhat-Bullish,1,medium,true
2026-07-03T22:38:22Z,economy_macro,Caterpillar picks Texas for next focus of $100 million workforce investment,https://www.bizjournals.com/dallas/news/2026/07/03/caterpillar-100m-workforce-development-ai.html,20260703T195715,The Business Journals,"Caterpillar is expanding its $100 million workforce investment program, selecting Texas as the next state to receive funding after Indiana. The initiative will involve a partnership between the Irving-headquartered manufacturer and Texas State Technical College. This move aims to further develop the manufacturing workforce in Texas.",manufacturing; economy_macro; finance,0.41559,Bullish,0,low,false
2026-07-03T22:38:22Z,economy_macro,Otis Worldwide focuses on resilient elevator demand as investors watch long-term growth,https://www.ad-hoc-news.de/boerse/news/ueberblick/otis-worldwide-focuses-on-resilient-elevator-demand-as-investors-watch/69682818,20260703T194247,Ad-hoc-news.de,"Otis Worldwide Corp. is attracting investor attention due to its global elevator and escalator business, which benefits from recurring service revenue and urbanization. The company's business model relies heavily on its large installed base and modernization services, providing stable cash flow. Key growth drivers include global urbanization, the construction of high-rise buildings, and the ongoing demand for modernizing existing elevator systems.",real_estate; manufacturing; financial_markets; economy_macro,0.48953,Bullish,0,low,false
2026-07-03T22:38:22Z,economy_macro,Southwest Airlines outlines post-pandemic growth plans as travel demand normalizes,https://www.ad-hoc-news.de/boerse/news/ueberblick/southwest-airlines-outlines-post-pandemic-growth-plans-as-travel-demand/69682810,20260703T194116,Ad-hoc-news.de,"Southwest Airlines is transitioning from a period of volatile pandemic recovery to a more stable demand environment, focusing on refining its network and cost structure. The airline's strategy includes balancing capacity with sustainable demand, enhancing operational reliability, and maintaining its simple fare strategy and single aircraft fleet to control costs and improve fuel efficiency. Emphasis is placed on customer satisfaction through predictable pricing and reliable service within its U.S.-focused network.",energy_transportation; financial_markets; earnings; economy_macro,0.42597,Bullish,0,low,false
2026-07-03T22:38:22Z,economy_macro,MAYU - AllianzIM US Equity Buffer15 Uncapped May ETF Stock Price and Quote,https://finviz.com/stock?t=MAYU&ty=c&r=ytd&p=d&b=1,20260703T193959,Finviz,"This article provides detailed stock information for the AllianzIM US Equity Buffer15 Uncapped May ETF (MAYU). It includes financial data such as price, changes, expense ratio, AUM, and return percentages. The fund aims to track the share price returns of the SPDR S&P 500 ETF Trust, primarily investing in FLexible EXchange Options.",financial_markets; finance; ipo; economy_macro,0.029937,Neutral,0,low,false
2026-07-03T22:38:22Z,economy_macro,3 Reasons to Avoid TFSL and 1 Stock to Buy Instead,https://www.financialcontent.com/article/stockstory-2026-7-3-3-reasons-to-avoid-tfsl-and-1-stock-to-buy-instead,20260703T193954,FinancialContent,"The article advises investors to avoid TFS Financial (TFSL) despite its recent stock price increase, citing three main reasons for potential underperformance: weak net interest income growth, a low net interest margin indicating poor loan book profitability, and barely growing earnings per share. Instead, it suggests investing in a different all-weather company, specifically mentioning the owner of Taco Bell, and also promotes an AI-driven list of top growth stocks.",earnings; financial_markets; finance; economy_macro,0.172283,Somewhat-Bullish,0,low,false
2026-07-03T22:38:22Z,economy_macro,Carrier Global Corp highlights its building solutions as investors assess long-term growth,https://www.ad-hoc-news.de/boerse/news/ueberblick/carrier-global-corp-highlights-its-building-solutions-as-investors-assess/69682781,20260703T193716,Ad-hoc-news.de,"Carrier Global Corp is highlighted as a diversified industrial company focusing on heating, ventilation, air conditioning, and refrigeration solutions globally. The article details its business segments including HVAC, refrigeration, and fire/security, and emphasizes its commitment to energy efficiency, sustainability, and smart building technologies. It explains how Carrier's stock offers investors exposure to long-term trends in construction, building modernization, and energy efficiency, while also discussing the competitive landscape and macroeconomic factors influencing the company’s performance.",manufacturing; real_estate; finance; economy_macro,0.419432,Bullish,0,low,false
2026-07-03T22:38:22Z,economy_macro,Lamb Weston focuses on frozen potato growth as a global food supplier,https://www.ad-hoc-news.de/boerse/news/ueberblick/lamb-weston-focuses-on-frozen-potato-growth-as-a-global-food-supplier/69682777,20260703T193313,Ad-hoc-news.de,"Lamb Weston is a leading global supplier of frozen potato products for restaurants and retailers, investing in processing capacity and innovation to meet long-term demand. The company's business model focuses on large-scale processing, efficient supply chain management, and optimizing product mix with a strong emphasis on customer relationships and product development. Lamb Weston's stock performance is influenced by restaurant traffic, retail demand, commodity prices, and the company's operational efficiency in the packaged foods sector.",retail_wholesale; financial_markets; earnings; economy_macro,0.592959,Bullish,0,low,false
2026-07-03T22:38:22Z,economy_macro,Fastenal Co. focuses on distribution scale as industrial demand evolves,https://www.ad-hoc-news.de/boerse/news/ueberblick/fastenal-co-focuses-on-distribution-scale-as-industrial-demand-evolves/69682675,20260703T191444,Ad-hoc-news.de,"Fastenal Co. leverages its extensive distribution network and vendor-managed inventory system to navigate the evolving industrial landscape. The company supplies industrial and construction products across North America, focusing on efficiency and reducing procurement complexity for its customers. By offering a wide range of products both at local branches and on-site, Fastenal aims to maintain reliable availability and support manufacturing, construction, and maintenance operations.",manufacturing; retail_wholesale; financial_markets; economy_macro; real_estate,0.308647,Somewhat-Bullish,0,low,false
2026-07-03T22:38:22Z,economy_macro,Delta Air Lines stock follows a thin catalyst day. Trading remains tied to airline demand,https://www.ad-hoc-news.de/boerse/news/ueberblick/delta-air-lines-stock-follows-a-thin-catalyst-day-trading-remains-tied-to/69682594,20260703T190223,Ad-hoc-news.de,"Delta Air Lines (DAL) stock continues to be influenced by airline demand and its U.S. listing on the New York Stock Exchange. Investors are closely monitoring its operational trends, upcoming earnings, and the broader travel environment, as these factors significantly impact the company's performance and share price. The airline's business model relies on passenger traffic, pricing power, and cost control, making its next earnings report crucial for evaluating revenue and margin trends.",earnings; financial_markets; economy_macro; energy_transportation; finance,-0.060706,Neutral,0,low,false
2026-07-03T22:38:22Z,economy_macro,Sempra (SRE) Following Five Year Low Gas Costs Faces A Fresh Valuation Test,https://simplywall.st/stocks/us/utilities/nyse-sre/sempra/news/sempra-sre-following-five-year-low-gas-costs-faces-a-fresh-v,20260703T185236,Simply Wall Street,"Sempra (SRE) is being re-evaluated after its subsidiary reported five-year low natural gas costs. While the stock is currently seen as 10.1% undervalued based on a narrative fair value of $103.50, its high P/E ratio of 31.6x compared to the industry average raises questions about its valuation. Investors are encouraged to review the full picture, including risks and potential warnings, before making investment decisions.",earnings; financial_markets; economy_macro; energy_transportation; finance,0.116107,Neutral,0,low,false
2026-07-03T22:38:22Z,economy_macro,Does Molina Healthcare (MOH) Belong in Value Indices or Growth Portfolios After Its Russell Reclassification?,https://simplywall.st/stocks/us/healthcare/nyse-moh/molina-healthcare/news/does-molina-healthcare-moh-belong-in-value-indices-or-growth,20260703T185213,Simply Wall Street,"Molina Healthcare (MOH) was recently reclassified into Russell 2500 Value indices, indicating a shift in its investor base towards value characteristics. This reclassification occurs amidst challenges such as exchange risk adjustment transfers and potential medical cost inflation, which could impact its Medicaid-focused business model. Despite these challenges, the article highlights varying analyst forecasts and encourages investors to conduct their own analysis, suggesting that the core investment narrative remains Medicaid-centric.",earnings; finance; financial_markets; life_sciences; economy_macro,-0.219429,Somewhat-Bearish,1,medium,true
2026-07-03T22:38:22Z,economy_macro,Wynn Resorts outlook shaped by global travel demand,https://www.ad-hoc-news.de/boerse/news/ueberblick/wynn-resorts-outlook-shaped-by-global-travel-demand/69682501,20260703T184752,Ad-hoc-news.de,"Wynn Resorts Ltd faces challenges in luxury gaming and hospitality due to evolving global travel patterns, consumer spending, and regulatory expectations. The company's long-term success hinges on balancing its Las Vegas and Macau operations with future development plans, maintaining a diversified revenue base, and managing its capital-intensive assets effectively.",financial_markets; earnings; economy_macro; retail_wholesale,0.120388,Neutral,0,low,false
2026-07-03T22:38:22Z,economy_macro,AutoZone Inc focuses on steady aftermarket demand as investors weigh long-term growth,https://www.ad-hoc-news.de/boerse/news/ueberblick/autozone-inc-focuses-on-steady-aftermarket-demand-as-investors-weigh/69682465,20260703T184209,Ad-hoc-news.de,"AutoZone Inc, a major retailer of automotive replacement parts, is focusing on North American aftermarket demand, driven by an aging vehicle fleet. The company's strategy involves store expansion, a robust commercial program for professional repair shops, and digital initiatives to support long-term earnings growth. AutoZone's business model emphasizes an extensive product portfolio, including private labels, efficient supply chain management, and a focus on customer experience both in-store and through digital platforms.",retail_wholesale; earnings; finance; economy_macro; energy_transportation,0.421958,Bullish,0,low,false
2026-07-03T22:38:22Z,economy_macro,Sempra (SRE) Following Five Year Low Gas Costs Faces A Fresh Valuation Test,https://simplywall.st/stocks/us/utilities/nyse-sre/sempra/news/sempra-sre-following-five-year-low-gas-costs-faces-a-fresh-v/amp,20260703T183855,Simply Wall Street,"Sempra (SRE) is under valuation scrutiny after its subsidiary reported a five-year low in natural gas costs for March-May 2026. While a popular narrative suggests the stock is 10.1% undervalued with a fair value of $103.50 based on anticipated revenue growth and increased profit margins, another perspective highlights its current P/E of 31.6x as expensive compared to industry averages. The article advises investors to consider both views, along with potential risks and opportunities, given the mixed signals.",earnings; financial_markets; energy_transportation; economy_macro,0.242046,Somewhat-Bullish,0,low,false
2026-07-03T22:38:22Z,economy_macro,"Is NVR, Inc. (NVR) A Good Stock To Buy Now?",https://www.insidermonkey.com/blog/is-nvr-inc-nvr-a-good-stock-to-buy-now-2-1794311/,20260703T183015,Insider Monkey,"NVR, Inc. (NVR) is highlighted as a high-quality homebuilder with an asset-light business model and strong capital efficiency, despite facing pressure from elevated mortgage rates and declining affordability. The article summarizes a bullish thesis, emphasizing NVR's competitive advantages like land option contracts and a disciplined capital allocation strategy focused on share repurchases. While acknowledging cyclical headwinds, the analysis suggests NVR is a best-in-class company undergoing a valuation reset, positioning it for long-term outperformance as housing fundamentals recover.",financial_markets; earnings; real_estate; economy_macro,0.515338,Bullish,1,medium,true
2026-07-03T22:38:22Z,economy_macro,Twin Disc focuses on drivetrain solutions as investors assess long-term demand,https://www.ad-hoc-news.de/boerse/news/ueberblick/twin-disc-focuses-on-drivetrain-solutions-as-investors-assess-long-term/69682063,20260703T180935,Ad-hoc-news.de,"Twin Disc Inc. specializes in power transmission equipment for heavy-duty off-highway vehicles, marine vessels, and industrial applications. The company's performance is tied to cyclical capital spending in sectors like construction, mining, energy, and marine transport. Investors analyze factors such as commodity cycles, infrastructure spending, and the company's ability to maintain margins and invest in product development to assess its long-term prospects.",manufacturing; energy_transportation; financial_markets; economy_macro; real_estate,0.27306,Somewhat-Bullish,0,low,false
2026-07-03T22:38:22Z,economy_macro,Alphabet stock. Company context stays the focus.,https://www.ad-hoc-news.de/boerse/news/ueberblick/alphabet-stock-company-context-stays-the-focus/69682210,20260703T180547,Ad-hoc-news.de,"Alphabet stock's current trading is focused on the company's core businesses and identity rather than new catalysts, as the market evaluates its financial performance. The company's revenue heavily relies on digital advertising, with Google Cloud offering long-term diversification. Investors are keenly observing the balance between cash generation and intensive capital investment in AI, infrastructure, and cloud competition, which influences the stock's trading dynamics.",financial_markets; technology; earnings; economy_macro,0.010897,Neutral,0,low,false
2026-07-03T22:38:22Z,economy_macro,Amcor plc focuses on sustainable packaging as investors weigh long-term growth,https://www.ad-hoc-news.de/boerse/news/ueberblick/amcor-plc-focuses-on-sustainable-packaging-as-investors-weigh-long-term/69682196,20260703T180400,Ad-hoc-news.de,"Amcor plc is a global packaging company specializing in sustainable solutions, including recyclable and reusable materials. The company's strategy focuses on innovation and long-term supply arrangements, particularly in flexible packaging for consumer goods and healthcare. Investors are keenly watching Amcor's ability to grow volumes, manage raw material costs, and capitalize on its sustainable packaging innovations, with steady cash generation and disciplined capital allocation being key to its investment case.",manufacturing; finance; financial_markets; economy_macro,0.431276,Bullish,0,low,false
2026-07-03T22:38:22Z,economy_macro,Snap-on Inc navigates tool demand and industrial spending. Investors watch long-term fundamentals,https://www.ad-hoc-news.de/boerse/news/ueberblick/snap-on-inc-navigates-tool-demand-and-industrial-spending-investors-watch/69682179,20260703T180138,Ad-hoc-news.de,"Snap-on Inc (SNA) is a key player in professional tools and equipment, serving automotive and industrial markets crucial for daily operations. The company's business model focuses on premium tools, diagnostics, and equipment, which leads to recurring demand from professionals who view these tools as essential capital goods. Snap-on's stability is underpinned by its direct sales network, exposure to industrial production, and the persistent need for vehicle maintenance, making it a relatively resilient segment for investors despite economic shifts.",manufacturing; financial_markets; economy_macro; finance,0.301516,Somewhat-Bullish,0,low,false
2026-07-03T22:38:22Z,economy_macro,Dollar General highlights discount retail strategy for value-focused shoppers,https://www.ad-hoc-news.de/boerse/news/ueberblick/dollar-general-highlights-discount-retail-strategy-for-value-focused/69682132,20260703T175434,Ad-hoc-news.de,"Dollar General continues to expand its small-box discount retail model in the United States, targeting value-conscious consumers with low prices and neighborhood locations. The company focuses on a simple store format with limited assortments and high shelf productivity, aiming to serve value-conscious shoppers looking for quick trips close to home. Its strategy emphasizes cost discipline, a robust supply chain, and a focus on essential goods to attract customers during economic phases characterized by higher living costs.",retail_wholesale; finance; economy_macro; earnings; financial_markets,0.487633,Bullish,2,medium,true
2026-07-03T22:38:22Z,economy_macro,Globe Life balances growth and risk in the US insurance market,https://www.ad-hoc-news.de/boerse/news/ueberblick/globe-life-balances-growth-and-risk-in-the-us-insurance-market/69682065,20260703T174549,Ad-hoc-news.de,"Globe Life Inc. navigates the competitive US life and supplemental health insurance market by focusing on disciplined underwriting, cost control, and targeting middle-income families with affordable protection products. The company utilizes a multi-channel distribution strategy and manages risks like mortality and investment volatility under state-based regulations. Investors assess Globe Life based on its balance of growth, risk management, and capital deployment strategies, against a backdrop of demographic shifts and economic conditions.",finance; financial_markets; economy_macro,0.118387,Neutral,0,low,false
2026-07-03T22:38:22Z,economy_macro,Weyco Group Inc stock steady as footwear maker focuses on brand portfolio and wholesale strength,https://www.ad-hoc-news.de/boerse/news/ueberblick/weyco-group-inc-stock-steady-as-footwear-maker-focuses-on-brand-portfolio/69681848,20260703T174054,Ad-hoc-news.de,"Weyco Group Inc, a footwear company with ISIN US9621661043, maintains a steady stock performance by focusing on its brand portfolio and wholesale distribution in the North American market. The company specializes in designing, sourcing, and marketing dress and casual shoes, targeting a mid-range price segment with an emphasis on quality and brand recognition. Its strategy balances wholesale partnerships with direct-to-consumer channels, relying on consistent execution, efficient operations, and managing inventory to navigate the competitive footwear industry.",retail_wholesale; financial_markets; economy_macro; finance; earnings,0.279519,Somewhat-Bullish,0,low,false
2026-07-03T22:38:22Z,economy_macro,Republic Services focuses on steady waste management operations as investors track long-term growth,https://www.ad-hoc-news.de/boerse/news/ueberblick/republic-services-focuses-on-steady-waste-management-operations-as/69682018,20260703T173737,Ad-hoc-news.de,"Republic Services, a major U.S. waste management company, is highlighted for its stable business model driven by essential services, long-term contracts, and essential environmental compliance. The company's strategic focus on capital-intensive operations, technological efficiency, and sustainability initiatives positions it for long-term growth despite the slow-growth nature of the sector. Investors view Republic Services as an infrastructure-like business with predictable revenue streams and a focus on managing debt and returning value to shareholders.",earnings; financial_markets; economy_macro,0.013331,Neutral,0,low,false
2026-07-03T22:38:22Z,economy_macro,"How Retirees Can Turn $100,000 Into Steady Monthly Income With This Dividend Stock",https://247wallst.com/investing/2026/07/03/how-retirees-can-turn-100000-into-steady-monthly-income-with-this-dividend-stock/,20260703T173023,24/7 Wall St.,"Realty Income (O), a monthly dividend payer, offers retirees a way to convert a $100,000 investment into approximately $424 in monthly income, equating to a 5.09% annual yield. The company boasts 670 consecutive monthly dividend payments and has consistently raised its quarterly dividend. Its robust financial performance, including increased AFFO per share and raised investment guidance, supports sustained dividend growth for income-focused investors.",real_estate; finance; financial_markets; economy_macro,0.402736,Bullish,1,medium,true
2026-07-03T22:38:22Z,economy_macro,Caesars Entertainment highlights its Las Vegas footprint as investors watch casino demand,https://www.ad-hoc-news.de/boerse/news/ueberblick/caesars-entertainment-highlights-its-las-vegas-footprint-as-investors/69681880,20260703T171822,Ad-hoc-news.de,"Caesars Entertainment operates a large network of casinos and resorts, particularly on the Las Vegas Strip, serving as a key indicator for investor interest in gaming and hospitality. The company's strategy focuses on an integrated resort model, data-driven marketing, and loyalty programs to drive guest spending and repeat visits. Caesars also emphasizes live entertainment and regular property modernizations to maintain competitiveness, with its stock performance reflecting travel trends, consumer spending, and competitive dynamics in the industry.",earnings; financial_markets; economy_macro; finance; retail_wholesale,0.325537,Somewhat-Bullish,1,medium,true
2026-07-03T22:38:22Z,economy_macro,Ventas Inc. focuses on senior housing and healthcare properties as a long-term real estate investmen,https://www.ad-hoc-news.de/boerse/news/ueberblick/ventas-inc-focuses-on-senior-housing-and-healthcare-properties-as-a/69681860,20260703T171500,Ad-hoc-news.de,"Ventas Inc. is a real estate investment trust (REIT) specializing in senior housing and healthcare facilities, leveraging long-term leases and demographic trends to generate stable cash flows. The company focuses on high-quality assets across senior living communities (independent living, assisted living, memory care) and various healthcare properties (medical office buildings, outpatient facilities), partnering with experienced operators. Its financial strategy involves a mix of equity and debt financing, with a focus on maintaining appropriate leverage and distributing a substantial portion of taxable income as dividends.",real_estate; life_sciences; finance; financial_markets; economy_macro,0.415178,Bullish,0,low,false
2026-07-03T22:38:22Z,economy_macro,United States Lime focuses on industrial demand as investors watch sector trends,https://www.ad-hoc-news.de/boerse/news/ueberblick/united-states-lime-focuses-on-industrial-demand-as-investors-watch-sector/69681795,20260703T171021,Ad-hoc-news.de,"United States Lime & Minerals, Inc. (USLM) is attracting investor attention due to the significant industrial demand for its lime and limestone products. The company serves diverse sectors such as steel manufacturing, chemical production, construction, and environmental applications, positioning it to benefit from broader economic trends. Its strategy involves maintaining reliable supply, managing costs, and investing in efficiency within regional markets.",manufacturing; real_estate; financial_markets; economy_macro; energy_transportation,0.415293,Bullish,0,low,false
2026-07-03T22:38:22Z,economy_macro,SkyWest Inc focuses on regional flying as US travel demand normalizes,https://www.ad-hoc-news.de/boerse/news/ueberblick/skywest-inc-focuses-on-regional-flying-as-us-travel-demand-normalizes/69681685,20260703T171015,Ad-hoc-news.de,"SkyWest Inc is refining its regional airline model to adapt to a normalized US travel demand environment after the post-pandemic surge. The company relies on a contract-based revenue model with major US carriers, which provides predictable cash flows. SkyWest adjusts its fleet and operations to align capacity with partner needs and pilot availability, emphasizing efficiency and reliable operations for long-term success.",earnings; economy_macro; energy_transportation; finance; financial_markets,0.01556,Neutral,0,low,false
2026-07-03T22:38:22Z,economy_macro,Alexander's Inc navigates a thin data day as a New York real estate owner,https://www.ad-hoc-news.de/boerse/news/ueberblick/alexander-s-inc-navigates-a-thin-data-day-as-a-new-york-real-estate-owner/69681897,20260703T170944,Ad-hoc-news.de,"Alexander's Inc is a specialized real estate investment trust (REIT) focusing on a concentrated portfolio of high-value properties in New York. The company's performance is closely tied to its few major assets, generating revenue from long-term leases with commercial tenants. As a REIT, Alexander's Inc distributes a significant portion of its taxable income as dividends, making it an income-oriented equity security for investors.",real_estate; finance; financial_markets; economy_macro; earnings,0.280237,Somewhat-Bullish,0,low,false
2026-07-03T22:38:22Z,economy_macro,Rio Tinto plc focuses on long term metals demand as global industrial activity evolves,https://www.ad-hoc-news.de/boerse/news/ueberblick/rio-tinto-plc-focuses-on-long-term-metals-demand-as-global-industrial/69681011,20260703T170934,Ad-hoc-news.de,"Rio Tinto plc is a diversified mining group focusing on iron ore, copper, and aluminum, aligning its strategy with long-term global industrial and energy transition demands. The company emphasizes capital discipline, strong balance sheet management, and sustainable practices, while navigating risks associated with commodity price volatility and regulatory changes. Its operations are centered on high-volume production and efficient logistics, aiming to deliver consistent shareholder returns through dividends and share buybacks.",manufacturing; financial_markets; earnings; economy_macro; energy_transportation,0.393591,Bullish,0,low,false
2026-07-03T22:38:22Z,economy_macro,Federal Realty focuses on retail assets as investors track long-term rental income,https://www.ad-hoc-news.de/boerse/news/ueberblick/federal-realty-focuses-on-retail-assets-as-investors-track-long-term/69681816,20260703T170744,Ad-hoc-news.de,"Federal Realty, a real estate investment trust, specializes in retail-oriented properties and open-air shopping centers in densely populated U.S. markets. The company's strategy focuses on stable rental income through long-term leases and mixed-use redevelopments. Investors track metrics like occupancy, leasing spreads, and dividend sustainability, as the company's valuation is influenced by interest rates, property values, and the health of retail tenants.",real_estate; retail_wholesale; financial_markets; finance; economy_macro,0.534035,Bullish,3,high,true
2026-07-03T22:38:22Z,economy_macro,Nordson Corp keeps the focus on industrial demand.,https://www.ad-hoc-news.de/boerse/news/ueberblick/nordson-corp-keeps-the-focus-on-industrial-demand/69681787,20260703T170322,Ad-hoc-news.de,"Nordson Corp remains a key industrial stock, with its performance tied to manufacturing activity, capital spending, and demand for its dispensing, coating, and polymer-processing systems. The company's diversified model across electronics, medical, consumer, and industrial applications helps smooth revenue swings, making it an important indicator for investors tracking global industrial output and customer investment cycles.",manufacturing; financial_markets; economy_macro,0.330282,Somewhat-Bullish,0,low,false
2026-07-03T22:38:22Z,economy_macro,Invitation Homes focuses on single-family rentals as a long-term growth story,https://www.ad-hoc-news.de/boerse/news/ueberblick/invitation-homes-focuses-on-single-family-rentals-as-a-long-term-growth/69681728,20260703T165257,Ad-hoc-news.de,"Invitation Homes operates a large portfolio of single-family rental homes in the United States, aiming for steady cash flows from rental income and long-term value creation for shareholders. The company's strategy focuses on professional property management, disciplined capital allocation, and optimizing occupancy in key metropolitan areas. Its business model benefits from the growing demand for rental housing and targets regions with strong employment and population growth.",real_estate; finance; financial_markets; economy_macro,0.044115,Neutral,1,medium,true
